review_item_id,query_id,query_sha256,doc_id,document_sha256,grade,condition_relation,evidence_scope,evidence_quote,evidence_url,reason,exposure,reviewer_type,reviewer_id,reviewed_at,review_status
e68cf700a001dc85,O-C2:A_ko_symptom,7d4f5c544b177d9afeb26acf52be9c97b0535f8f82b50893cef3440d73baa5c6,opencv/opencv#29265,9629f6cdab9b7e00fdcdfced7f1120c83f328b99936b1356e5bb364e68ba459e,,unknown,title_body,,https://github.com/opencv/opencv/issues/29265,,,,,,unreviewed
67169ecdd72f39ac,O-S1:C_en_context,6c2dedf66feba80798f8f0bc856584dfcedc5f7f59588ba8ea7a77783027e0d0,opencv/opencv#29692,e8c16d80d3c6eb5db5d9516e29a9ee2f85d0c47cc8ea390ccaad5c0c97631e2b,,unknown,title_body,,https://github.com/opencv/opencv/issues/29692,,,,,,unreviewed
c812e152debb7750,O-S2:A_ko_symptom,3d7117850fe9ddf202bab25cb60a4b6f1d1f0a246d7004cce3122016657fa90f,opencv/opencv#28241,253f8cb7b79d4c71a3e7c072243c37c5c01cb7a1b3e0fa7bec1d0a016be29bff,,unknown,title_body,,https://github.com/opencv/opencv/issues/28241,,,,,,unreviewed
f92cf374c99f3f77,O-S2:A_ko_symptom,3d7117850fe9ddf202bab25cb60a4b6f1d1f0a246d7004cce3122016657fa90f,opencv/opencv#30095,2cc88eeaed0fcc7c59d57501ae9eb4f9be5e9aa1dcce18575eabd0e00c573aad,,unknown,title_body,,https://github.com/opencv/opencv/issues/30095,,,,,,unreviewed
08c574acec1f67a7,O-S2:B_ko_context,51727030ad0700bc0f5b036121eabb0f83c1279cc57992cc733f74f6e31374b1,opencv/opencv#29578,600b9c7c3b0b375c9a7da43592bc23fea5797d4d770e592354003b7d7a439ec4,,unknown,title_body,,https://github.com/opencv/opencv/issues/29578,,,,,,unreviewed
7183917ecf0ebb18,T-E2:B_ko_context,97ce418c2efeb738502464c3e2ea7f7e192d3f0bc0b597c6bc9ca55a910b1744,huggingface/transformers#48351,559912248534548040352143e63e359a943a41d975167e167e53f17664131069,,unknown,title_body,,https://github.com/huggingface/transformers/issues/48351,,,,,,unreviewed
6ce5743b4111a849,O-S2:B_ko_context,51727030ad0700bc0f5b036121eabb0f83c1279cc57992cc733f74f6e31374b1,opencv/opencv#29818,24f0c2a5d58f1db39d075425c023b48f721a51fd02d91d1e085958c90219076d,,unknown,title_body,,https://github.com/opencv/opencv/issues/29818,,,,,,unreviewed
14781135af0ad82d,T-C1:A_ko_symptom,8a09a59f56a9590f1c32248ef97fc824daf10ac11871a46ad75148180a00f35b,huggingface/transformers#49051,69230b79d5ed500785962b2babfb627b896f315fa23232e213615fd72aee93ba,,unknown,title_body,,https://github.com/huggingface/transformers/issues/49051,,,,,,unreviewed
4837f59329ec33b8,O-E1:A_ko_symptom,c61f16ced5a9fb5874959769397cff94a19cac84981d037be27a968c4c81046d,opencv/opencv#29278,9fe1a212204a2ce23afb112a0aeade298ff79bd4bd6a65a9bd543a375e762365,,unknown,title_body,,https://github.com/opencv/opencv/issues/29278,,,,,,unreviewed
f8c4540b4952f237,O-E1:A_ko_symptom,c61f16ced5a9fb5874959769397cff94a19cac84981d037be27a968c4c81046d,opencv/opencv#28952,b89ea22b73badf6e36b6ecccdca7831e123f8bff06e2e6465f9e1bf53c4f47e8,,unknown,title_body,,https://github.com/opencv/opencv/issues/28952,,,,,,unreviewed
48cc6291231abcb6,O-C1:A_ko_symptom,74965f96ab82544b1390f5338587b1afff0001727f09c9465834f77db98eacba,opencv/opencv#29458,b555bc094f229dd07fefb543fa4f59045825ded0bbe79cec86a1e67fac419785,,unknown,title_body,,https://github.com/opencv/opencv/issues/29458,,,,,,unreviewed
2b071af92e7f23de,T-E1:A_ko_symptom,8dc9273a2cb0d3313ec05d6cc9777473768336e1747a7878bcb818ec5f5a0494,huggingface/transformers#48736,abd20b9c68b2a92c8ab5b48326b4790dbda3f389c2b60db3e113a7a6d5215675,,unknown,title_body,,https://github.com/huggingface/transformers/issues/48736,,,,,,unreviewed
8549e15a3c1a398b,O-E2:A_ko_symptom,f1385d42aeb2bd224b9d384b2895c9c0105ff556297983fb38508312ffe9ddbc,opencv/opencv#28438,ced261647b6444256587f9b0c177dfec3ccf46a2d39e848ef1a3490c18c2e9b5,,unknown,title_body,,https://github.com/opencv/opencv/issues/28438,,,,,,unreviewed
6d9ec9a94cbf2334,O-C1:C_en_context,a75ef6d20c688c91395b5ff5f270f91f1a17ee8b827fe8db5cc466c2edc39ae6,opencv/opencv#28207,6001567ece60d03f5ec2bf900c312eeef3c028bba43091a5f6e0ca3c1e810a5a,,unknown,title_body,,https://github.com/opencv/opencv/issues/28207,,,,,,unreviewed
2d387b299f31af3d,O-C2:C_en_context,59f567cc3d63ea625db722d6e27ba9ad376beb6edbb0b42859175bd3721acae5,opencv/opencv#28783,837a06a3462c61cece393e7c6b9a22161a560be495189a7e48812ea594a80317,,unknown,title_body,,https://github.com/opencv/opencv/issues/28783,,,,,,unreviewed
fe511498ed0ef6a0,T-E1:C_en_context,e02f041f9cce25daa8b00b80bcf233110a114e299b77e08207338570c41e8aa3,huggingface/transformers#48722,d0ebe73ee58be08a7f235288e45d2e82c49b64d63acf8a7aace40184662050e6,,unknown,title_body,,https://github.com/huggingface/transformers/issues/48722,,,,,,unreviewed
a6d4598d952a4d35,O-C1:C_en_context,a75ef6d20c688c91395b5ff5f270f91f1a17ee8b827fe8db5cc466c2edc39ae6,opencv/opencv#29699,4c17579cd749199f5cd27b9d75d176676ab5db31abc8ec170abe02a4e5f0dd1c,,unknown,title_body,,https://github.com/opencv/opencv/issues/29699,,,,,,unreviewed
e5c4f35e0827d1bd,T-S2:C_en_context,65f2530d16787c27f07cc3ff2fb740be85d24cd3b49b13336a5af13f75fc7cfe,huggingface/transformers#48718,470465ea1f60935f61c1b01801419d18a8f63965eed7412439abe62b089dfcce,,unknown,title_body,,https://github.com/huggingface/transformers/issues/48718,,,,,,unreviewed
0a09590a575b1187,T-S1:A_ko_symptom,1dd2898b136f6a3b5507666596321c30540d2f237761bfe5d4fda891ac0f832a,huggingface/transformers#48400,36127fcea88052647f7a2335e1d3d8cbc830717710ba954430ffe260892446ef,,unknown,title_body,,https://github.com/huggingface/transformers/issues/48400,,,,,,unreviewed
748cae8a207439eb,T-S1:C_en_context,385ca67150b9eca22e18923afe0534a9c3b5cd85a1aaec3bb5b4fcd049675130,huggingface/transformers#47752,1133f1d9399ec48482a1957aa0a38e4c823425e6a698e18a0b99f9d67574acfe,,unknown,title_body,,https://github.com/huggingface/transformers/issues/47752,,,,,,unreviewed
4fe6d99124d5a9a5,O-C1:A_ko_symptom,74965f96ab82544b1390f5338587b1afff0001727f09c9465834f77db98eacba,opencv/opencv#29278,9fe1a212204a2ce23afb112a0aeade298ff79bd4bd6a65a9bd543a375e762365,,unknown,title_body,,https://github.com/opencv/opencv/issues/29278,,,,,,unreviewed
b9783c39087fd6de,O-S1:A_ko_symptom,a340a4d4640ab711a7d407a1b04b58b45063a2ee2080359b296ec7ba7eaae09c,opencv/opencv#29692,e8c16d80d3c6eb5db5d9516e29a9ee2f85d0c47cc8ea390ccaad5c0c97631e2b,,unknown,title_body,,https://github.com/opencv/opencv/issues/29692,,,,,,unreviewed
c89259a0759ee153,O-E2:B_ko_context,dbb67fde588978c493a177b12b28643d394165fcb9fd40c26d3a42a3f1bd85aa,opencv/opencv#29576,e3d3bc06f31f2e4e292198d84940fcb7b9a187505191f47dda28ecf74281a4d0,,unknown,title_body,,https://github.com/opencv/opencv/issues/29576,,,,,,unreviewed
c7937d7fa1ebf1b8,O-S1:B_ko_context,8ad9a8815f4900e9b856c5b64f9f6258ab3e4882de0fa4bd1c69c510422895c7,opencv/opencv#29576,e3d3bc06f31f2e4e292198d84940fcb7b9a187505191f47dda28ecf74281a4d0,,unknown,title_body,,https://github.com/opencv/opencv/issues/29576,,,,,,unreviewed
197fa189b28880b9,T-S1:A_ko_symptom,1dd2898b136f6a3b5507666596321c30540d2f237761bfe5d4fda891ac0f832a,huggingface/transformers#47530,810683f1c27ee62bdb3361c1293e1e631e4049231a7007ad3265cbb5e537369b,,unknown,title_body,,https://github.com/huggingface/transformers/issues/47530,,,,,,unreviewed
52aa08629ea20f98,O-C2:B_ko_context,884d34da7ae91a0acf8f0667333094ce69a7e9c5a2797832db4ac1de6fb25203,opencv/opencv#28783,837a06a3462c61cece393e7c6b9a22161a560be495189a7e48812ea594a80317,,unknown,title_body,,https://github.com/opencv/opencv/issues/28783,,,,,,unreviewed
1bc42ef9a27f7768,O-E1:B_ko_context,645807dbe2b0d7744981f2554f3e5688d8395e4014c37bedbfd2cb93be4c4be3,opencv/opencv#29292,dcb25364d2f142118d7a96bdcf956fbb41f00541a5b7ef593ab7bc59d5b39b40,,unknown,title_body,,https://github.com/opencv/opencv/issues/29292,,,,,,unreviewed
58829af1d0624f21,T-E2:B_ko_context,97ce418c2efeb738502464c3e2ea7f7e192d3f0bc0b597c6bc9ca55a910b1744,huggingface/transformers#48057,a766391260a4ab6fd084317647749c5bee972d62dec05935a5fafd1592d4fa77,,unknown,title_body,,https://github.com/huggingface/transformers/issues/48057,,,,,,unreviewed
419bbfdb94e27294,T-S2:A_ko_symptom,5d626107a9e2326d53333a4c4cca170ca70df744b62bb2a3d82f47870dde3c09,huggingface/transformers#49190,767576887075131fe0dc4cc657b347900d359b80931c1630399ca018c437f54c,,unknown,title_body,,https://github.com/huggingface/transformers/issues/49190,,,,,,unreviewed
11654bd0e99997ef,O-S1:A_ko_symptom,a340a4d4640ab711a7d407a1b04b58b45063a2ee2080359b296ec7ba7eaae09c,opencv/opencv#29817,5e6f3343e3add98b314cb436ff23643f72a157794da9ff7c62800518613d0b50,,unknown,title_body,,https://github.com/opencv/opencv/issues/29817,,,,,,unreviewed
37cc15d3390f0c11,T-C2:A_ko_symptom,bc3574a284c83fd6a8e09b3dd237a195c53c7e781f374c1be41616523d4f016a,huggingface/transformers#48874,431e0b14059b2deccfbf7176b297c18854a0c00115f9a4c85b20ea088d221ba9,,unknown,title_body,,https://github.com/huggingface/transformers/issues/48874,,,,,,unreviewed
470a1610c6a0460b,O-S2:A_ko_symptom,3d7117850fe9ddf202bab25cb60a4b6f1d1f0a246d7004cce3122016657fa90f,opencv/opencv#29761,b8340c651c3fa682b09365399eecf57defcd800b761dd4c4a689df41baa3bca2,,unknown,title_body,,https://github.com/opencv/opencv/issues/29761,,,,,,unreviewed
bd6536d7042b5747,O-E1:B_ko_context,645807dbe2b0d7744981f2554f3e5688d8395e4014c37bedbfd2cb93be4c4be3,opencv/opencv#29278,9fe1a212204a2ce23afb112a0aeade298ff79bd4bd6a65a9bd543a375e762365,,unknown,title_body,,https://github.com/opencv/opencv/issues/29278,,,,,,unreviewed
2a3c6b8723908f4a,T-C1:A_ko_symptom,8a09a59f56a9590f1c32248ef97fc824daf10ac11871a46ad75148180a00f35b,huggingface/transformers#47981,6482897b678b215c818c32a19134600633f51578dce70c091748d83c9705adf4,,unknown,title_body,,https://github.com/huggingface/transformers/issues/47981,,,,,,unreviewed
fcf6d0746c0a901a,T-E1:A_ko_symptom,8dc9273a2cb0d3313ec05d6cc9777473768336e1747a7878bcb818ec5f5a0494,huggingface/transformers#47309,23250a369aa99c619a301d1c4c8c25923be9c053a6574e4c9c07bdaf1d3fe3c0,,unknown,title_body,,https://github.com/huggingface/transformers/issues/47309,,,,,,unreviewed
55be7b51d3e41dd8,O-S1:A_ko_symptom,a340a4d4640ab711a7d407a1b04b58b45063a2ee2080359b296ec7ba7eaae09c,opencv/opencv#28358,811845001a2cd06ba9877d5826a951c38803b229adf9da4760af1183a2de28e4,,unknown,title_body,,https://github.com/opencv/opencv/issues/28358,,,,,,unreviewed
e20cdc0f6638bcb1,O-S1:C_en_context,6c2dedf66feba80798f8f0bc856584dfcedc5f7f59588ba8ea7a77783027e0d0,opencv/opencv#29652,8ea01557deda3bb1317c2bb91c8863388f3bbacf36e11c1c97fc5b7d22e99864,,unknown,title_body,,https://github.com/opencv/opencv/issues/29652,,,,,,unreviewed
70eeb4041bacd68b,T-E1:B_ko_context,af17c35898fef9b353bcdeebcfe4ded264e59d0cb9d8b6de336053e97285f2c6,huggingface/transformers#48479,30ed2fdc4a1ca2f3e1f54d1b86ca600b4d55f8cfbbc848f6853b02064147c5b7,,unknown,title_body,,https://github.com/huggingface/transformers/issues/48479,,,,,,unreviewed
771308291b3ee228,O-E1:A_ko_symptom,c61f16ced5a9fb5874959769397cff94a19cac84981d037be27a968c4c81046d,opencv/opencv#29342,eb88e98627af1fe05feec43c290be749b1eb8e4df2c0687b26b5c753cbc3b675,,unknown,title_body,,https://github.com/opencv/opencv/issues/29342,,,,,,unreviewed
ee51b6c0ae7594c3,O-E2:B_ko_context,dbb67fde588978c493a177b12b28643d394165fcb9fd40c26d3a42a3f1bd85aa,opencv/opencv#28525,a5159d809a36c4374f2520277dc00517e66f2a59e1c30cacf8a23f9deb38f36f,,unknown,title_body,,https://github.com/opencv/opencv/issues/28525,,,,,,unreviewed
ad694622af317b93,O-C2:B_ko_context,884d34da7ae91a0acf8f0667333094ce69a7e9c5a2797832db4ac1de6fb25203,opencv/opencv#28953,cce3afe1b32d3ea183f5ceb784c7cf6c774383bb681d295ff9cb5034f7eda331,,unknown,title_body,,https://github.com/opencv/opencv/issues/28953,,,,,,unreviewed
70e12d7cec4f2f79,T-C2:B_ko_context,c361660e90d5a1990ed281862ad5d3f3468f18d68f0e9a6ab479a3281f595f33,huggingface/transformers#47321,002725ee99335791f4f541bf744f1839ac2b41376dd71a17b6a09b61dac68c1f,,unknown,title_body,,https://github.com/huggingface/transformers/issues/47321,,,,,,unreviewed
861ae455f848f134,T-E2:C_en_context,4f992f47b75ffacfcf6e443adbea9ed36f26cef591cd8a73ecf3ac29b98c7d96,huggingface/transformers#47436,d074a967db449abefaea079af5b7d1980aaa24ca979a280e58cebcccb623c2f2,,unknown,title_body,,https://github.com/huggingface/transformers/issues/47436,,,,,,unreviewed
a77295c0896b362d,T-S2:C_en_context,65f2530d16787c27f07cc3ff2fb740be85d24cd3b49b13336a5af13f75fc7cfe,huggingface/transformers#47688,c4e99d4dfe65586f1c46204b77a9c47eaa29e9f7a94cbe905f87721e802ab0aa,,unknown,title_body,,https://github.com/huggingface/transformers/issues/47688,,,,,,unreviewed
b3252cf38248f072,T-E1:B_ko_context,af17c35898fef9b353bcdeebcfe4ded264e59d0cb9d8b6de336053e97285f2c6,huggingface/transformers#48422,ff27bdf0aa10f89e51d79708c382cfb1dbd32639f5a7c7593498ba6e21a8a4cc,,unknown,title_body,,https://github.com/huggingface/transformers/issues/48422,,,,,,unreviewed
dd13f7b465677b90,O-C1:A_ko_symptom,74965f96ab82544b1390f5338587b1afff0001727f09c9465834f77db98eacba,opencv/opencv#28241,253f8cb7b79d4c71a3e7c072243c37c5c01cb7a1b3e0fa7bec1d0a016be29bff,,unknown,title_body,,https://github.com/opencv/opencv/issues/28241,,,,,,unreviewed
23307226c3384df5,O-E2:C_en_context,674c5648aeafd84d3e7f5cc3ee7dbb5990c583b9daf4b58bd1a21c2abaf0f6c1,opencv/opencv#29422,db1ad21900a2ea8b5d77fb5d15fcdaef4333922d50f885c5b59991a6b879ccd6,,unknown,title_body,,https://github.com/opencv/opencv/issues/29422,,,,,,unreviewed
a60885a0337cb21c,T-C2:C_en_context,191f26d45dbb809ee00ac1fcde1768ed8c1677775325637760163d8d8f192c1f,huggingface/transformers#48690,383fd76ee9fab55459c1f6f6b7bff60138b4b7791e9f15f550c996023cb9ee2b,,unknown,title_body,,https://github.com/huggingface/transformers/issues/48690,,,,,,unreviewed
a5303539395a977f,O-S1:B_ko_context,8ad9a8815f4900e9b856c5b64f9f6258ab3e4882de0fa4bd1c69c510422895c7,opencv/opencv#29422,db1ad21900a2ea8b5d77fb5d15fcdaef4333922d50f885c5b59991a6b879ccd6,,unknown,title_body,,https://github.com/opencv/opencv/issues/29422,,,,,,unreviewed
d48c35308f30d56e,T-C2:A_ko_symptom,bc3574a284c83fd6a8e09b3dd237a195c53c7e781f374c1be41616523d4f016a,huggingface/transformers#47375,9971647a169710738ae39c2c0d8e00239b99888f4ab99a9ff1a3988c4ecb5ed5,,unknown,title_body,,https://github.com/huggingface/transformers/issues/47375,,,,,,unreviewed
1d4b25483d3313c6,T-S1:C_en_context,385ca67150b9eca22e18923afe0534a9c3b5cd85a1aaec3bb5b4fcd049675130,huggingface/transformers#48312,e5de6dbdf7433dcf2b7d3c1ce449e46d5952cd0eecf66aa1a5037894c28ea318,,unknown,title_body,,https://github.com/huggingface/transformers/issues/48312,,,,,,unreviewed
2e778feceb749e9d,O-E2:C_en_context,674c5648aeafd84d3e7f5cc3ee7dbb5990c583b9daf4b58bd1a21c2abaf0f6c1,opencv/opencv#28629,2895cb766fb32dc48cd09f0ff4535088b05bc33f586a04b32c772f8695102f33,,unknown,title_body,,https://github.com/opencv/opencv/issues/28629,,,,,,unreviewed
a72131743405838e,T-S2:A_ko_symptom,5d626107a9e2326d53333a4c4cca170ca70df744b62bb2a3d82f47870dde3c09,huggingface/transformers#49175,2bb3768ed3502de24bb78fd84f8134481f16b018152c68ed999f3320e0c82275,,unknown,title_body,,https://github.com/huggingface/transformers/issues/49175,,,,,,unreviewed
f1245038b9d26d75,O-E1:C_en_context,f1f8a981698c11c09d2b894fb9ad4857b201c534532ef9a78af96e4195b85f71,opencv/opencv#29747,3537725a22d9f61aa738619f01479b4f5fe6af7eec2e1f257cae834bdb4babd4,,unknown,title_body,,https://github.com/opencv/opencv/issues/29747,,,,,,unreviewed
038023874bcdc648,O-C1:B_ko_context,8ed66576a8d0e0c8aad8a9198553949ef6b2cb6079bcce397589e78eac36b6e1,opencv/opencv#29458,b555bc094f229dd07fefb543fa4f59045825ded0bbe79cec86a1e67fac419785,,unknown,title_body,,https://github.com/opencv/opencv/issues/29458,,,,,,unreviewed
5fd1c822ae5efcbe,O-S1:C_en_context,6c2dedf66feba80798f8f0bc856584dfcedc5f7f59588ba8ea7a77783027e0d0,opencv/opencv#28462,943957234d377ffe1de27f7b464c185d97d4fac74c87229f41f801bbfcd73bda,,unknown,title_body,,https://github.com/opencv/opencv/issues/28462,,,,,,unreviewed
fb046d9ca8d0205c,T-C1:C_en_context,eb4690319aec18202bef4832c0c922c7394983d5f36aa7df4269a70994b809e8,huggingface/transformers#48392,ad1551f5a903908f1d52dd82ed146a20919b4c4aca2d1e995bc651f9bc58b0ad,,unknown,title_body,,https://github.com/huggingface/transformers/issues/48392,,,,,,unreviewed
243fa357c7e20602,T-S2:B_ko_context,27476b92ccd392cc10227a7376f46100c84ed67e64645d94a84f8965a6ac0dc6,huggingface/transformers#47553,206bdecf818b3911b26e8866843752922481ec2771257e13ecff66eeadd88deb,,unknown,title_body,,https://github.com/huggingface/transformers/issues/47553,,,,,,unreviewed
4c332f3e78c7d516,T-E1:B_ko_context,af17c35898fef9b353bcdeebcfe4ded264e59d0cb9d8b6de336053e97285f2c6,huggingface/transformers#47448,faf94cfd1d6f89f9b2a9268d1238902cb315528ceb5416bf22e42e8847dcfb3f,,unknown,title_body,,https://github.com/huggingface/transformers/issues/47448,,,,,,unreviewed
16f732ba3b1d1875,O-S2:C_en_context,b5f1cd755c213858d7338b9209d617d9f1741c2f749f8584fd459bdcdeb851ca,opencv/opencv#28549,8b9f6b67e293b9638671c0a8a01357c22a1b4700bd9da05185812e0c5160cc0e,,unknown,title_body,,https://github.com/opencv/opencv/issues/28549,,,,,,unreviewed
619073dc1999819e,T-S1:B_ko_context,64c8b60e9d51a7521bee4655c821bfaf9694277f2f78ab3aaa69f46937153478,huggingface/transformers#48592,3df79db78f6e5200f6a73175e324533fce62547e1df2bcaeaff8e59b03239da6,,unknown,title_body,,https://github.com/huggingface/transformers/issues/48592,,,,,,unreviewed
13434935edf9efd2,O-E1:B_ko_context,645807dbe2b0d7744981f2554f3e5688d8395e4014c37bedbfd2cb93be4c4be3,opencv/opencv#29747,3537725a22d9f61aa738619f01479b4f5fe6af7eec2e1f257cae834bdb4babd4,,unknown,title_body,,https://github.com/opencv/opencv/issues/29747,,,,,,unreviewed
52ae8e9e80ff4d17,T-E1:B_ko_context,af17c35898fef9b353bcdeebcfe4ded264e59d0cb9d8b6de336053e97285f2c6,huggingface/transformers#48703,1a6833b46ada94b6e3f316813a270d7a6a682b4f98386c8259a83b551b4e12f1,,unknown,title_body,,https://github.com/huggingface/transformers/issues/48703,,,,,,unreviewed
a6eb7b7b50c60f98,T-S2:C_en_context,65f2530d16787c27f07cc3ff2fb740be85d24cd3b49b13336a5af13f75fc7cfe,huggingface/transformers#48889,7d1d628bfabaec6abf2b839ad9862c9a6f300045469da59fba77ddc6ba37217c,,unknown,title_body,,https://github.com/huggingface/transformers/issues/48889,,,,,,unreviewed
d4379d3aa1c6a32e,T-C1:C_en_context,eb4690319aec18202bef4832c0c922c7394983d5f36aa7df4269a70994b809e8,huggingface/transformers#49051,69230b79d5ed500785962b2babfb627b896f315fa23232e213615fd72aee93ba,,unknown,title_body,,https://github.com/huggingface/transformers/issues/49051,,,,,,unreviewed
099284a54b428362,O-S1:C_en_context,6c2dedf66feba80798f8f0bc856584dfcedc5f7f59588ba8ea7a77783027e0d0,opencv/opencv#29705,02996bb0d1a7b705b02d0f5ed9c5750f9b56939f8058a9d5e69c23ec238dcc9b,,unknown,title_body,,https://github.com/opencv/opencv/issues/29705,,,,,,unreviewed
a674ccfe80dfcce1,T-S2:C_en_context,65f2530d16787c27f07cc3ff2fb740be85d24cd3b49b13336a5af13f75fc7cfe,huggingface/transformers#48148,13e5bd08d78213a28b99afae87fec3eda3a40befba2730577bfa392374d53b11,,unknown,title_body,,https://github.com/huggingface/transformers/issues/48148,,,,,,unreviewed
7c69f6abf8c4219a,T-S1:C_en_context,385ca67150b9eca22e18923afe0534a9c3b5cd85a1aaec3bb5b4fcd049675130,huggingface/transformers#49093,f3e292ee27e839b9942661f26811a5919fe40a5bc9fedf924e33d3e989b2b04d,,unknown,title_body,,https://github.com/huggingface/transformers/issues/49093,,,,,,unreviewed
4552518851b3ebd9,O-S1:C_en_context,6c2dedf66feba80798f8f0bc856584dfcedc5f7f59588ba8ea7a77783027e0d0,opencv/opencv#29465,fd033d8b4447d880eada9ae655690a48adea4bdc58238dbeecc7029231776ce1,,unknown,title_body,,https://github.com/opencv/opencv/issues/29465,,,,,,unreviewed
0c865911876557fa,T-S2:B_ko_context,27476b92ccd392cc10227a7376f46100c84ed67e64645d94a84f8965a6ac0dc6,huggingface/transformers#48350,015e66d57139a660272c366fd0f383010bcdf426aa710dcda4ccc4dae6cd7dea,,unknown,title_body,,https://github.com/huggingface/transformers/issues/48350,,,,,,unreviewed
8e4dbd5fa5545562,T-E1:B_ko_context,af17c35898fef9b353bcdeebcfe4ded264e59d0cb9d8b6de336053e97285f2c6,huggingface/transformers#48805,9a6cbb93d6a9f4cf70ba58994c15985c2af9e3fbd479f14471ae1c4daf0f7cba,,unknown,title_body,,https://github.com/huggingface/transformers/issues/48805,,,,,,unreviewed
2b39f47fe5d027de,O-E1:C_en_context,f1f8a981698c11c09d2b894fb9ad4857b201c534532ef9a78af96e4195b85f71,opencv/opencv#28598,e88da28abfb85cc78333e497518d3bf02d2c8dcea632d93bf339325e6f3ff1e8,,unknown,title_body,,https://github.com/opencv/opencv/issues/28598,,,,,,unreviewed
526da5b40510795b,O-E1:B_ko_context,645807dbe2b0d7744981f2554f3e5688d8395e4014c37bedbfd2cb93be4c4be3,opencv/opencv#29614,f0c06106d20fa8206b253c02a4f3f9221ab566a2f625222bbf7f26e48d252884,,unknown,title_body,,https://github.com/opencv/opencv/issues/29614,,,,,,unreviewed
927d9ba024c03e5b,O-S1:A_ko_symptom,a340a4d4640ab711a7d407a1b04b58b45063a2ee2080359b296ec7ba7eaae09c,opencv/opencv#28469,6676398e5b6e0aaa30286414e186358efdd9f710d17ba75d18efe988cdecdd5b,,unknown,title_body,,https://github.com/opencv/opencv/issues/28469,,,,,,unreviewed
d7ff0976dd06beb0,O-E1:C_en_context,f1f8a981698c11c09d2b894fb9ad4857b201c534532ef9a78af96e4195b85f71,opencv/opencv#29761,b8340c651c3fa682b09365399eecf57defcd800b761dd4c4a689df41baa3bca2,,unknown,title_body,,https://github.com/opencv/opencv/issues/29761,,,,,,unreviewed
1f853039781b2594,O-C1:A_ko_symptom,74965f96ab82544b1390f5338587b1afff0001727f09c9465834f77db98eacba,opencv/opencv#29634,efbd94152eb9429df9cedcbe8f76f0fc9ecb287a8f9bf9431bb0a34bf93584f2,,unknown,title_body,,https://github.com/opencv/opencv/issues/29634,,,,,,unreviewed
fe3f040c2b818ef4,T-C1:B_ko_context,9971a350ad4b6cd8a46a06c19fb42891b09aced5ff4c485a09e14e60397248ba,huggingface/transformers#48305,d91412d33851f6bf166e49082e6d0b3a50795f90f9fea18ad9df408f3ee512e3,,unknown,title_body,,https://github.com/huggingface/transformers/issues/48305,,,,,,unreviewed
3adb4d9d3669b540,T-E2:A_ko_symptom,dcd3313fe25cc06d6aad51b62fe53ed594d3f72fe73f875de8556e0fa969234a,huggingface/transformers#47530,810683f1c27ee62bdb3361c1293e1e631e4049231a7007ad3265cbb5e537369b,,unknown,title_body,,https://github.com/huggingface/transformers/issues/47530,,,,,,unreviewed
a5f1f93c78aeaa4f,O-E1:B_ko_context,645807dbe2b0d7744981f2554f3e5688d8395e4014c37bedbfd2cb93be4c4be3,opencv/opencv#29308,b35c05fc09c0ef89475feaf0cde794e8d8b02f774f776bd44e10476d8e849c39,,unknown,title_body,,https://github.com/opencv/opencv/issues/29308,,,,,,unreviewed
1a19b078dda955eb,T-E2:B_ko_context,97ce418c2efeb738502464c3e2ea7f7e192d3f0bc0b597c6bc9ca55a910b1744,huggingface/transformers#48966,e221c1ea43c9b34a452631d065392d9baa4d367ae8cd75c29fd9e8f4361f1ed8,,unknown,title_body,,https://github.com/huggingface/transformers/issues/48966,,,,,,unreviewed
0ef4b0e156abde77,T-C2:B_ko_context,c361660e90d5a1990ed281862ad5d3f3468f18d68f0e9a6ab479a3281f595f33,huggingface/transformers#48127,ef9902f0ae1396173aab9c5e16232abe7f14e740648c54f93c77706aafba3243,,unknown,title_body,,https://github.com/huggingface/transformers/issues/48127,,,,,,unreviewed
69b268b72bf80fe3,T-C2:C_en_context,191f26d45dbb809ee00ac1fcde1768ed8c1677775325637760163d8d8f192c1f,huggingface/transformers#47405,e6ff573d0a93a5d8b8d23a2e7f07a197a22f17b99664a4685cc5646e4b227bd6,,unknown,title_body,,https://github.com/huggingface/transformers/issues/47405,,,,,,unreviewed
fb200e7c115d6b7d,O-S1:A_ko_symptom,a340a4d4640ab711a7d407a1b04b58b45063a2ee2080359b296ec7ba7eaae09c,opencv/opencv#28438,ced261647b6444256587f9b0c177dfec3ccf46a2d39e848ef1a3490c18c2e9b5,,unknown,title_body,,https://github.com/opencv/opencv/issues/28438,,,,,,unreviewed
f862eb4988e8dca3,O-S1:B_ko_context,8ad9a8815f4900e9b856c5b64f9f6258ab3e4882de0fa4bd1c69c510422895c7,opencv/opencv#29565,9846d4ccc31385e562fcc1dba99b738ae64d0672d8b50ae78b146ad6aa23f8e5,,unknown,title_body,,https://github.com/opencv/opencv/issues/29565,,,,,,unreviewed
a979dd1d51d8d3d7,T-E2:B_ko_context,97ce418c2efeb738502464c3e2ea7f7e192d3f0bc0b597c6bc9ca55a910b1744,huggingface/transformers#48308,e57b1fed4e04ee729cfbdc74eb8a4cb2314c49e5d7ae29bbbacbab310cbfc94c,,unknown,title_body,,https://github.com/huggingface/transformers/issues/48308,,,,,,unreviewed
ec20c9cff014b5f6,O-C2:A_ko_symptom,7d4f5c544b177d9afeb26acf52be9c97b0535f8f82b50893cef3440d73baa5c6,opencv/opencv#29278,9fe1a212204a2ce23afb112a0aeade298ff79bd4bd6a65a9bd543a375e762365,,unknown,title_body,,https://github.com/opencv/opencv/issues/29278,,,,,,unreviewed
9f131bd07110a80a,T-E1:C_en_context,e02f041f9cce25daa8b00b80bcf233110a114e299b77e08207338570c41e8aa3,huggingface/transformers#47879,7ef5e8df30c34463ef196ba278e406442614b9ffdc653f9486b9c7564779d41e,,unknown,title_body,,https://github.com/huggingface/transformers/issues/47879,,,,,,unreviewed
c47720e611624a50,T-E2:B_ko_context,97ce418c2efeb738502464c3e2ea7f7e192d3f0bc0b597c6bc9ca55a910b1744,huggingface/transformers#48757,7e087efa6303792bf7cdeab4404680b44d20007d5222b140dad16a9a8914c1e7,,unknown,title_body,,https://github.com/huggingface/transformers/issues/48757,,,,,,unreviewed
73a91a423e002002,O-E2:B_ko_context,dbb67fde588978c493a177b12b28643d394165fcb9fd40c26d3a42a3f1bd85aa,opencv/opencv#28438,ced261647b6444256587f9b0c177dfec3ccf46a2d39e848ef1a3490c18c2e9b5,,unknown,title_body,,https://github.com/opencv/opencv/issues/28438,,,,,,unreviewed
c53dab42a63d13c0,O-E1:A_ko_symptom,c61f16ced5a9fb5874959769397cff94a19cac84981d037be27a968c4c81046d,opencv/opencv#30095,2cc88eeaed0fcc7c59d57501ae9eb4f9be5e9aa1dcce18575eabd0e00c573aad,,unknown,title_body,,https://github.com/opencv/opencv/issues/30095,,,,,,unreviewed
3d734b47ea23e665,O-E1:C_en_context,f1f8a981698c11c09d2b894fb9ad4857b201c534532ef9a78af96e4195b85f71,opencv/opencv#28580,589af5724e302de7bf22a5af7b9bd5a54a8da65d6f3b8e53068b22689880ac43,,unknown,title_body,,https://github.com/opencv/opencv/issues/28580,,,,,,unreviewed
97df68264e2e4344,T-C1:C_en_context,eb4690319aec18202bef4832c0c922c7394983d5f36aa7df4269a70994b809e8,huggingface/transformers#48305,d91412d33851f6bf166e49082e6d0b3a50795f90f9fea18ad9df408f3ee512e3,,unknown,title_body,,https://github.com/huggingface/transformers/issues/48305,,,,,,unreviewed
32069532ef286835,O-S2:A_ko_symptom,3d7117850fe9ddf202bab25cb60a4b6f1d1f0a246d7004cce3122016657fa90f,opencv/opencv#29342,eb88e98627af1fe05feec43c290be749b1eb8e4df2c0687b26b5c753cbc3b675,,unknown,title_body,,https://github.com/opencv/opencv/issues/29342,,,,,,unreviewed
0be78ddd01362806,T-S1:A_ko_symptom,1dd2898b136f6a3b5507666596321c30540d2f237761bfe5d4fda891ac0f832a,huggingface/transformers#48263,7fdbfb96fbc8e896bf791be577c9f7c7b18016b5d87dfd57b06ebd209c6b7183,,unknown,title_body,,https://github.com/huggingface/transformers/issues/48263,,,,,,unreviewed
79cc472b7ef296b2,O-C2:C_en_context,59f567cc3d63ea625db722d6e27ba9ad376beb6edbb0b42859175bd3721acae5,opencv/opencv#29636,3d9d81539912d3d13c8873a22ca3f7e2245fab6f2453f6092a1aa2041210babd,,unknown,title_body,,https://github.com/opencv/opencv/issues/29636,,,,,,unreviewed
1d365796f53cdae1,O-C1:B_ko_context,8ed66576a8d0e0c8aad8a9198553949ef6b2cb6079bcce397589e78eac36b6e1,opencv/opencv#28407,0fbc4bb3419649169539d04599fcb8f76329ab9b2d439af2999a05e6943f8840,,unknown,title_body,,https://github.com/opencv/opencv/issues/28407,,,,,,unreviewed
4750f3227d2913fe,O-E1:A_ko_symptom,c61f16ced5a9fb5874959769397cff94a19cac84981d037be27a968c4c81046d,opencv/opencv#29761,b8340c651c3fa682b09365399eecf57defcd800b761dd4c4a689df41baa3bca2,,unknown,title_body,,https://github.com/opencv/opencv/issues/29761,,,,,,unreviewed
0fa28b3d5d0e2128,T-C2:C_en_context,191f26d45dbb809ee00ac1fcde1768ed8c1677775325637760163d8d8f192c1f,huggingface/transformers#49193,6263e935f8fd626d03ca0d8109108ef794c7ec9ab8adf6898ac6b5c2f1e5ae25,,unknown,title_body,,https://github.com/huggingface/transformers/issues/49193,,,,,,unreviewed
2702deb800a32b39,T-S2:B_ko_context,27476b92ccd392cc10227a7376f46100c84ed67e64645d94a84f8965a6ac0dc6,huggingface/transformers#48913,6e268e0a426ee5ee2e0d81dbf47b0fcca26463b08866d16e2ce898b0c6523013,,unknown,title_body,,https://github.com/huggingface/transformers/issues/48913,,,,,,unreviewed
3e404ee87fb87522,T-S1:C_en_context,385ca67150b9eca22e18923afe0534a9c3b5cd85a1aaec3bb5b4fcd049675130,huggingface/transformers#48967,52e14dc426ea14999a37e3421afca604a27baae409dd0a2cda6bceb9afd75990,,unknown,title_body,,https://github.com/huggingface/transformers/issues/48967,,,,,,unreviewed
d9b29cec041a5d11,T-E1:A_ko_symptom,8dc9273a2cb0d3313ec05d6cc9777473768336e1747a7878bcb818ec5f5a0494,huggingface/transformers#49113,06ba8d0627d78c1b44e20f14a31b6cb51ebb702c3c4a475caac253cdf50ffde3,,unknown,title_body,,https://github.com/huggingface/transformers/issues/49113,,,,,,unreviewed
05f3adf9111c1473,O-E2:B_ko_context,dbb67fde588978c493a177b12b28643d394165fcb9fd40c26d3a42a3f1bd85aa,opencv/opencv#28187,e61dcb4d6467889d6e01aea519ea67752969df78fb6fc65a5f9ed020d94ddd10,,unknown,title_body,,https://github.com/opencv/opencv/issues/28187,,,,,,unreviewed
c5d1dd3d875f12fe,T-C2:C_en_context,191f26d45dbb809ee00ac1fcde1768ed8c1677775325637760163d8d8f192c1f,huggingface/transformers#48592,3df79db78f6e5200f6a73175e324533fce62547e1df2bcaeaff8e59b03239da6,,unknown,title_body,,https://github.com/huggingface/transformers/issues/48592,,,,,,unreviewed
a260836f7b2a776a,T-S2:B_ko_context,27476b92ccd392cc10227a7376f46100c84ed67e64645d94a84f8965a6ac0dc6,huggingface/transformers#48749,ba2b9a328ed5ab49029a94a673e0659aca52e2d1c6679d82fc86a6d71ab10e70,,unknown,title_body,,https://github.com/huggingface/transformers/issues/48749,,,,,,unreviewed
2ef69df33612ab45,T-C1:A_ko_symptom,8a09a59f56a9590f1c32248ef97fc824daf10ac11871a46ad75148180a00f35b,huggingface/transformers#47721,836300bbc3703bd99b7b77dfb61c538113626de4d8cf10522a709b59c5bf58b0,,unknown,title_body,,https://github.com/huggingface/transformers/issues/47721,,,,,,unreviewed
8b5752ffe07841f9,T-E2:C_en_context,4f992f47b75ffacfcf6e443adbea9ed36f26cef591cd8a73ecf3ac29b98c7d96,huggingface/transformers#48351,559912248534548040352143e63e359a943a41d975167e167e53f17664131069,,unknown,title_body,,https://github.com/huggingface/transformers/issues/48351,,,,,,unreviewed
7cb073abe5629db7,O-C2:A_ko_symptom,7d4f5c544b177d9afeb26acf52be9c97b0535f8f82b50893cef3440d73baa5c6,opencv/opencv#29692,e8c16d80d3c6eb5db5d9516e29a9ee2f85d0c47cc8ea390ccaad5c0c97631e2b,,unknown,title_body,,https://github.com/opencv/opencv/issues/29692,,,,,,unreviewed
ef7223d3a6a28833,O-S2:C_en_context,b5f1cd755c213858d7338b9209d617d9f1741c2f749f8584fd459bdcdeb851ca,opencv/opencv#29637,6010c321b2bb3ac719fdae3aa0031d093d2e0dbb6ab3d969fb8534cbf70b6afe,,unknown,title_body,,https://github.com/opencv/opencv/issues/29637,,,,,,unreviewed
64220704a7293af9,O-C2:B_ko_context,884d34da7ae91a0acf8f0667333094ce69a7e9c5a2797832db4ac1de6fb25203,opencv/opencv#29699,4c17579cd749199f5cd27b9d75d176676ab5db31abc8ec170abe02a4e5f0dd1c,,unknown,title_body,,https://github.com/opencv/opencv/issues/29699,,,,,,unreviewed
40b10c950ceaca51,T-C1:C_en_context,eb4690319aec18202bef4832c0c922c7394983d5f36aa7df4269a70994b809e8,huggingface/transformers#48703,1a6833b46ada94b6e3f316813a270d7a6a682b4f98386c8259a83b551b4e12f1,,unknown,title_body,,https://github.com/huggingface/transformers/issues/48703,,,,,,unreviewed
f42dc7d1a79b020e,T-E2:B_ko_context,97ce418c2efeb738502464c3e2ea7f7e192d3f0bc0b597c6bc9ca55a910b1744,huggingface/transformers#47333,fa9fac0efca3fcb89770da2e3e51dc251c7a23b03cf22839f44a17da231a0527,,unknown,title_body,,https://github.com/huggingface/transformers/issues/47333,,,,,,unreviewed
da18c1fcbd71cb9f,T-E2:C_en_context,4f992f47b75ffacfcf6e443adbea9ed36f26cef591cd8a73ecf3ac29b98c7d96,huggingface/transformers#48757,7e087efa6303792bf7cdeab4404680b44d20007d5222b140dad16a9a8914c1e7,,unknown,title_body,,https://github.com/huggingface/transformers/issues/48757,,,,,,unreviewed
982006fefd56a497,O-C1:C_en_context,a75ef6d20c688c91395b5ff5f270f91f1a17ee8b827fe8db5cc466c2edc39ae6,opencv/opencv#28831,16ba21f86ac12c3212352ffb1a6daaad2f16c20a6f8c9732853ebd5e1d8e801a,,unknown,title_body,,https://github.com/opencv/opencv/issues/28831,,,,,,unreviewed
7b29b349ff7dc7b9,T-S1:A_ko_symptom,1dd2898b136f6a3b5507666596321c30540d2f237761bfe5d4fda891ac0f832a,huggingface/transformers#48422,ff27bdf0aa10f89e51d79708c382cfb1dbd32639f5a7c7593498ba6e21a8a4cc,,unknown,title_body,,https://github.com/huggingface/transformers/issues/48422,,,,,,unreviewed
49dcafa4cca53229,T-S2:A_ko_symptom,5d626107a9e2326d53333a4c4cca170ca70df744b62bb2a3d82f47870dde3c09,huggingface/transformers#49000,6c2bef536d444eff9844f782bfc18ca987c2d6ac99404c58381e19a9e68ad24d,,unknown,title_body,,https://github.com/huggingface/transformers/issues/49000,,,,,,unreviewed
6f0e8f48ae2ee8c8,O-S1:A_ko_symptom,a340a4d4640ab711a7d407a1b04b58b45063a2ee2080359b296ec7ba7eaae09c,opencv/opencv#29278,9fe1a212204a2ce23afb112a0aeade298ff79bd4bd6a65a9bd543a375e762365,,unknown,title_body,,https://github.com/opencv/opencv/issues/29278,,,,,,unreviewed
363cd6627d7fffb8,T-E2:B_ko_context,97ce418c2efeb738502464c3e2ea7f7e192d3f0bc0b597c6bc9ca55a910b1744,huggingface/transformers#47448,faf94cfd1d6f89f9b2a9268d1238902cb315528ceb5416bf22e42e8847dcfb3f,,unknown,title_body,,https://github.com/huggingface/transformers/issues/47448,,,,,,unreviewed
98c9216e50aabb61,O-C1:A_ko_symptom,74965f96ab82544b1390f5338587b1afff0001727f09c9465834f77db98eacba,opencv/opencv#29265,9629f6cdab9b7e00fdcdfced7f1120c83f328b99936b1356e5bb364e68ba459e,,unknown,title_body,,https://github.com/opencv/opencv/issues/29265,,,,,,unreviewed
e03c7b4d6ecc3153,T-E2:B_ko_context,97ce418c2efeb738502464c3e2ea7f7e192d3f0bc0b597c6bc9ca55a910b1744,huggingface/transformers#48914,05981205272d64e41d12c47ba2d28b4f54e5014f2965a5c8da0560123eb3c6c6,,unknown,title_body,,https://github.com/huggingface/transformers/issues/48914,,,,,,unreviewed
8da035af0e8f9fe5,O-C2:A_ko_symptom,7d4f5c544b177d9afeb26acf52be9c97b0535f8f82b50893cef3440d73baa5c6,opencv/opencv#28028,1bf204dd21c45bc4e44fbd4bd5e19cbb3f66434f61344bf107c53e921b6f1e21,,unknown,title_body,,https://github.com/opencv/opencv/issues/28028,,,,,,unreviewed
50b5b1dedc71f5ae,T-E2:B_ko_context,97ce418c2efeb738502464c3e2ea7f7e192d3f0bc0b597c6bc9ca55a910b1744,huggingface/transformers#48307,6875335bc37976416443dd3788c1a525e64a9e12fce65b2a95a446f3913511db,,unknown,title_body,,https://github.com/huggingface/transformers/issues/48307,,,,,,unreviewed
e3d6b334d2930746,O-C1:B_ko_context,8ed66576a8d0e0c8aad8a9198553949ef6b2cb6079bcce397589e78eac36b6e1,opencv/opencv#29166,e1e2bff7b636d8c17194821f1d2f1f0641b1d6c7bfbdd5ba3445bc9706c09216,,unknown,title_body,,https://github.com/opencv/opencv/issues/29166,,,,,,unreviewed
ce093f689ea7a36b,T-C2:A_ko_symptom,bc3574a284c83fd6a8e09b3dd237a195c53c7e781f374c1be41616523d4f016a,huggingface/transformers#48841,7f7ef788e1493a0bc202b1a324db8e31baa3bc158e74ce5144030805efa3f004,,unknown,title_body,,https://github.com/huggingface/transformers/issues/48841,,,,,,unreviewed
cda87f0a902081c8,T-S2:B_ko_context,27476b92ccd392cc10227a7376f46100c84ed67e64645d94a84f8965a6ac0dc6,huggingface/transformers#48312,e5de6dbdf7433dcf2b7d3c1ce449e46d5952cd0eecf66aa1a5037894c28ea318,,unknown,title_body,,https://github.com/huggingface/transformers/issues/48312,,,,,,unreviewed
07ef8bc8902c5484,T-S1:C_en_context,385ca67150b9eca22e18923afe0534a9c3b5cd85a1aaec3bb5b4fcd049675130,huggingface/transformers#48039,04198eb7fd3fb0ca95c68f1f1ce712ead28ddcd38183c1f6b880acca14e6a20a,,unknown,title_body,,https://github.com/huggingface/transformers/issues/48039,,,,,,unreviewed
82f8a77e2dd86e02,O-E1:A_ko_symptom,c61f16ced5a9fb5874959769397cff94a19cac84981d037be27a968c4c81046d,opencv/opencv#29763,969940954f0d8a00bef08dff289f63317116f5d6c1e7bb849ea88fc8a2d86d78,,unknown,title_body,,https://github.com/opencv/opencv/issues/29763,,,,,,unreviewed
f78ae4c97c1edb79,T-S1:C_en_context,385ca67150b9eca22e18923afe0534a9c3b5cd85a1aaec3bb5b4fcd049675130,huggingface/transformers#48748,df00ab64ffd4f538c0b16007b46b4bd51ebedc6b0bb6632ce1ce4bac244e0d28,,unknown,title_body,,https://github.com/huggingface/transformers/issues/48748,,,,,,unreviewed
8708166425d4caea,T-S2:A_ko_symptom,5d626107a9e2326d53333a4c4cca170ca70df744b62bb2a3d82f47870dde3c09,huggingface/transformers#48755,fc500a21440a0e7227176a5eaab1532018db1821e780d007a59aaf8ed8531db3,,unknown,title_body,,https://github.com/huggingface/transformers/issues/48755,,,,,,unreviewed
5214d63b5ed51200,T-S2:A_ko_symptom,5d626107a9e2326d53333a4c4cca170ca70df744b62bb2a3d82f47870dde3c09,huggingface/transformers#48913,6e268e0a426ee5ee2e0d81dbf47b0fcca26463b08866d16e2ce898b0c6523013,,unknown,title_body,,https://github.com/huggingface/transformers/issues/48913,,,,,,unreviewed
d7414e5e59634679,T-E2:B_ko_context,97ce418c2efeb738502464c3e2ea7f7e192d3f0bc0b597c6bc9ca55a910b1744,huggingface/transformers#48479,30ed2fdc4a1ca2f3e1f54d1b86ca600b4d55f8cfbbc848f6853b02064147c5b7,,unknown,title_body,,https://github.com/huggingface/transformers/issues/48479,,,,,,unreviewed
ab73f5acd7b9547c,O-C1:C_en_context,a75ef6d20c688c91395b5ff5f270f91f1a17ee8b827fe8db5cc466c2edc39ae6,opencv/opencv#29722,0a792a020e8eb9c416b38ccd726a047f1e54fcbb37d973381808db97241dddce,,unknown,title_body,,https://github.com/opencv/opencv/issues/29722,,,,,,unreviewed
8fe5e92cbc20c78c,O-C1:A_ko_symptom,74965f96ab82544b1390f5338587b1afff0001727f09c9465834f77db98eacba,opencv/opencv#29318,76b5a2e42d32137993af0bddddb5e41f12590bd0b94b023ebf894207b04007bc,,unknown,title_body,,https://github.com/opencv/opencv/issues/29318,,,,,,unreviewed
7a5b7105dd1046bd,T-E1:C_en_context,e02f041f9cce25daa8b00b80bcf233110a114e299b77e08207338570c41e8aa3,huggingface/transformers#47448,faf94cfd1d6f89f9b2a9268d1238902cb315528ceb5416bf22e42e8847dcfb3f,,unknown,title_body,,https://github.com/huggingface/transformers/issues/47448,,,,,,unreviewed
19589c326a2888c0,T-E1:B_ko_context,af17c35898fef9b353bcdeebcfe4ded264e59d0cb9d8b6de336053e97285f2c6,huggingface/transformers#48837,9f1648cde21f8b1d2e927bdef93055127850913101b8b93dca19b6f330da52c9,,unknown,title_body,,https://github.com/huggingface/transformers/issues/48837,,,,,,unreviewed
fa2812a02fa7704d,O-E1:B_ko_context,645807dbe2b0d7744981f2554f3e5688d8395e4014c37bedbfd2cb93be4c4be3,opencv/opencv#29350,d062fdcf9e3c435c2d0e3be7ca3658b2daa22c3651d5eef26ae1251f7ab08022,,unknown,title_body,,https://github.com/opencv/opencv/issues/29350,,,,,,unreviewed
d84d564e082d69e6,O-C2:B_ko_context,884d34da7ae91a0acf8f0667333094ce69a7e9c5a2797832db4ac1de6fb25203,opencv/opencv#28241,253f8cb7b79d4c71a3e7c072243c37c5c01cb7a1b3e0fa7bec1d0a016be29bff,,unknown,title_body,,https://github.com/opencv/opencv/issues/28241,,,,,,unreviewed
6f46e0a8e39411d4,T-S2:B_ko_context,27476b92ccd392cc10227a7376f46100c84ed67e64645d94a84f8965a6ac0dc6,huggingface/transformers#49190,767576887075131fe0dc4cc657b347900d359b80931c1630399ca018c437f54c,,unknown,title_body,,https://github.com/huggingface/transformers/issues/49190,,,,,,unreviewed
96c45e8431e18b7f,T-E2:C_en_context,4f992f47b75ffacfcf6e443adbea9ed36f26cef591cd8a73ecf3ac29b98c7d96,huggingface/transformers#47914,b992f9ab6e3751ed8c3975c99ac0bd02aa0aee27a9c443969bb1975623aa92d0,,unknown,title_body,,https://github.com/huggingface/transformers/issues/47914,,,,,,unreviewed
c7a611f6c18f088b,O-S1:C_en_context,6c2dedf66feba80798f8f0bc856584dfcedc5f7f59588ba8ea7a77783027e0d0,opencv/opencv#29794,bb29812e66b587ca65f0ac5d9f2aaba0bf77855d847d9d4a34af3862895c279b,,unknown,title_body,,https://github.com/opencv/opencv/issues/29794,,,,,,unreviewed
e64059442c1f1ca2,T-S2:C_en_context,65f2530d16787c27f07cc3ff2fb740be85d24cd3b49b13336a5af13f75fc7cfe,huggingface/transformers#49066,013e4a822f53a78c66018933cb6d88d9199155e0aa95767247320829c2be84e4,,unknown,title_body,,https://github.com/huggingface/transformers/issues/49066,,,,,,unreviewed
6eee5bf4d220c240,O-E2:C_en_context,674c5648aeafd84d3e7f5cc3ee7dbb5990c583b9daf4b58bd1a21c2abaf0f6c1,opencv/opencv#28766,454dc799fbf9ac487958cb3ec194021374196d3c30d90780bf7c61aec14544ea,,unknown,title_body,,https://github.com/opencv/opencv/issues/28766,,,,,,unreviewed
66ad38bc0d6043cf,O-C2:B_ko_context,884d34da7ae91a0acf8f0667333094ce69a7e9c5a2797832db4ac1de6fb25203,opencv/opencv#29692,e8c16d80d3c6eb5db5d9516e29a9ee2f85d0c47cc8ea390ccaad5c0c97631e2b,,unknown,title_body,,https://github.com/opencv/opencv/issues/29692,,,,,,unreviewed
6a72de5685fcc403,T-S2:C_en_context,65f2530d16787c27f07cc3ff2fb740be85d24cd3b49b13336a5af13f75fc7cfe,huggingface/transformers#48491,71db344a47e994eda6114c177f1e5e8adaccb4c84575998283341ff4c0dad5a7,,unknown,title_body,,https://github.com/huggingface/transformers/issues/48491,,,,,,unreviewed
043baf174470a5cd,T-S1:B_ko_context,64c8b60e9d51a7521bee4655c821bfaf9694277f2f78ab3aaa69f46937153478,huggingface/transformers#47532,8e866d07985f0c70e55c6a1d09c47a7a1f57270a935072480a7cba4483556563,,unknown,title_body,,https://github.com/huggingface/transformers/issues/47532,,,,,,unreviewed
f2ba313185cff817,T-C2:A_ko_symptom,bc3574a284c83fd6a8e09b3dd237a195c53c7e781f374c1be41616523d4f016a,huggingface/transformers#47254,aa2d4b324a2fd4a3265e82cc2f9b73fc6c4e97f6faad28cc37133ab3f6c86901,,unknown,title_body,,https://github.com/huggingface/transformers/issues/47254,,,,,,unreviewed
e5f10e12b8b06a31,T-S2:B_ko_context,27476b92ccd392cc10227a7376f46100c84ed67e64645d94a84f8965a6ac0dc6,huggingface/transformers#49066,013e4a822f53a78c66018933cb6d88d9199155e0aa95767247320829c2be84e4,,unknown,title_body,,https://github.com/huggingface/transformers/issues/49066,,,,,,unreviewed
72cbd089d0f36752,T-E1:C_en_context,e02f041f9cce25daa8b00b80bcf233110a114e299b77e08207338570c41e8aa3,huggingface/transformers#48479,30ed2fdc4a1ca2f3e1f54d1b86ca600b4d55f8cfbbc848f6853b02064147c5b7,,unknown,title_body,,https://github.com/huggingface/transformers/issues/48479,,,,,,unreviewed
c9c349714b7a3db9,O-C1:A_ko_symptom,74965f96ab82544b1390f5338587b1afff0001727f09c9465834f77db98eacba,opencv/opencv#28952,b89ea22b73badf6e36b6ecccdca7831e123f8bff06e2e6465f9e1bf53c4f47e8,,unknown,title_body,,https://github.com/opencv/opencv/issues/28952,,,,,,unreviewed
f85f9f5560bf0043,O-E2:A_ko_symptom,f1385d42aeb2bd224b9d384b2895c9c0105ff556297983fb38508312ffe9ddbc,opencv/opencv#28766,454dc799fbf9ac487958cb3ec194021374196d3c30d90780bf7c61aec14544ea,,unknown,title_body,,https://github.com/opencv/opencv/issues/28766,,,,,,unreviewed
49cddfbe29e74812,O-E1:B_ko_context,645807dbe2b0d7744981f2554f3e5688d8395e4014c37bedbfd2cb93be4c4be3,opencv/opencv#28580,589af5724e302de7bf22a5af7b9bd5a54a8da65d6f3b8e53068b22689880ac43,,unknown,title_body,,https://github.com/opencv/opencv/issues/28580,,,,,,unreviewed
85ccce81580a36b1,T-C1:C_en_context,eb4690319aec18202bef4832c0c922c7394983d5f36aa7df4269a70994b809e8,huggingface/transformers#49185,b128155d617867b0493dd51991b608b5edfe6fd22516441bfccbe7e8676c5f64,,unknown,title_body,,https://github.com/huggingface/transformers/issues/49185,,,,,,unreviewed
d1907594f320cbf8,T-C1:A_ko_symptom,8a09a59f56a9590f1c32248ef97fc824daf10ac11871a46ad75148180a00f35b,huggingface/transformers#49175,2bb3768ed3502de24bb78fd84f8134481f16b018152c68ed999f3320e0c82275,,unknown,title_body,,https://github.com/huggingface/transformers/issues/49175,,,,,,unreviewed
8cac16853b81c24a,T-C2:A_ko_symptom,bc3574a284c83fd6a8e09b3dd237a195c53c7e781f374c1be41616523d4f016a,huggingface/transformers#48805,9a6cbb93d6a9f4cf70ba58994c15985c2af9e3fbd479f14471ae1c4daf0f7cba,,unknown,title_body,,https://github.com/huggingface/transformers/issues/48805,,,,,,unreviewed
d4b61b46ed4c6e66,T-C2:C_en_context,191f26d45dbb809ee00ac1fcde1768ed8c1677775325637760163d8d8f192c1f,huggingface/transformers#49121,6f56f21e6198d119833d6bb8b9f5dd6f8031aac8604eed83f24ac5c6428b2fa4,,unknown,title_body,,https://github.com/huggingface/transformers/issues/49121,,,,,,unreviewed
db3ee9122bdb154c,T-C1:B_ko_context,9971a350ad4b6cd8a46a06c19fb42891b09aced5ff4c485a09e14e60397248ba,huggingface/transformers#48633,a8eb4f3b283d3a338a08d4b21f50147089efc8167b78ec9dfbb706ad28f78492,,unknown,title_body,,https://github.com/huggingface/transformers/issues/48633,,,,,,unreviewed
342bae0b6c7f114c,O-S1:A_ko_symptom,a340a4d4640ab711a7d407a1b04b58b45063a2ee2080359b296ec7ba7eaae09c,opencv/opencv#28049,46850c07b7bbace3b0c5abf586b5e938d9c0c5f1e263e885175878dcfbbab483,,unknown,title_body,,https://github.com/opencv/opencv/issues/28049,,,,,,unreviewed
4864fa962848ce28,O-C1:A_ko_symptom,74965f96ab82544b1390f5338587b1afff0001727f09c9465834f77db98eacba,opencv/opencv#28207,6001567ece60d03f5ec2bf900c312eeef3c028bba43091a5f6e0ca3c1e810a5a,,unknown,title_body,,https://github.com/opencv/opencv/issues/28207,,,,,,unreviewed
7d2171e483a65cc4,O-S2:C_en_context,b5f1cd755c213858d7338b9209d617d9f1741c2f749f8584fd459bdcdeb851ca,opencv/opencv#30090,39eb2539ff06ebd7366fedfde944ba48e5e5f6c8e7ea45917012f4df0a5b4cb6,,unknown,title_body,,https://github.com/opencv/opencv/issues/30090,,,,,,unreviewed
7b587efba6a4da5b,O-S1:C_en_context,6c2dedf66feba80798f8f0bc856584dfcedc5f7f59588ba8ea7a77783027e0d0,opencv/opencv#28766,454dc799fbf9ac487958cb3ec194021374196d3c30d90780bf7c61aec14544ea,,unknown,title_body,,https://github.com/opencv/opencv/issues/28766,,,,,,unreviewed
24502c3bd1cb282f,T-C2:B_ko_context,c361660e90d5a1990ed281862ad5d3f3468f18d68f0e9a6ab479a3281f595f33,huggingface/transformers#47333,fa9fac0efca3fcb89770da2e3e51dc251c7a23b03cf22839f44a17da231a0527,,unknown,title_body,,https://github.com/huggingface/transformers/issues/47333,,,,,,unreviewed
42e4ce45ef7f14fd,T-C2:C_en_context,191f26d45dbb809ee00ac1fcde1768ed8c1677775325637760163d8d8f192c1f,huggingface/transformers#47254,aa2d4b324a2fd4a3265e82cc2f9b73fc6c4e97f6faad28cc37133ab3f6c86901,,unknown,title_body,,https://github.com/huggingface/transformers/issues/47254,,,,,,unreviewed
883ba2453423622d,T-C1:B_ko_context,9971a350ad4b6cd8a46a06c19fb42891b09aced5ff4c485a09e14e60397248ba,huggingface/transformers#48101,eb80d710cc17f79c8c2a30e67c3afc758748213b5a35cd1b839c7ed633555888,,unknown,title_body,,https://github.com/huggingface/transformers/issues/48101,,,,,,unreviewed
8c8a6bb23067c077,T-C2:A_ko_symptom,bc3574a284c83fd6a8e09b3dd237a195c53c7e781f374c1be41616523d4f016a,huggingface/transformers#48690,383fd76ee9fab55459c1f6f6b7bff60138b4b7791e9f15f550c996023cb9ee2b,,unknown,title_body,,https://github.com/huggingface/transformers/issues/48690,,,,,,unreviewed
71f9f000efb2a32f,T-E1:B_ko_context,af17c35898fef9b353bcdeebcfe4ded264e59d0cb9d8b6de336053e97285f2c6,huggingface/transformers#48556,7c90418129757e31c027668ae10168b10918f9f4feecc2518323c39919525a88,,unknown,title_body,,https://github.com/huggingface/transformers/issues/48556,,,,,,unreviewed
02ce8adb8f95f0ae,T-C2:A_ko_symptom,bc3574a284c83fd6a8e09b3dd237a195c53c7e781f374c1be41616523d4f016a,huggingface/transformers#48210,4d795a919d657158b791dd61c35f8863fce26cd94f3e632d59d66f918a5bf646,,unknown,title_body,,https://github.com/huggingface/transformers/issues/48210,,,,,,unreviewed
5a741ea6ed97a5c3,T-S2:B_ko_context,27476b92ccd392cc10227a7376f46100c84ed67e64645d94a84f8965a6ac0dc6,huggingface/transformers#47514,b51d708ac64425d3941ff092bdef000833c360c6ca3afd6150a0d76e7ad4458a,,unknown,title_body,,https://github.com/huggingface/transformers/issues/47514,,,,,,unreviewed
226b364d3ec08b44,T-S2:C_en_context,65f2530d16787c27f07cc3ff2fb740be85d24cd3b49b13336a5af13f75fc7cfe,huggingface/transformers#48690,383fd76ee9fab55459c1f6f6b7bff60138b4b7791e9f15f550c996023cb9ee2b,,unknown,title_body,,https://github.com/huggingface/transformers/issues/48690,,,,,,unreviewed
fce3bb5e14e0c5c1,O-C1:B_ko_context,8ed66576a8d0e0c8aad8a9198553949ef6b2cb6079bcce397589e78eac36b6e1,opencv/opencv#29722,0a792a020e8eb9c416b38ccd726a047f1e54fcbb37d973381808db97241dddce,,unknown,title_body,,https://github.com/opencv/opencv/issues/29722,,,,,,unreviewed
dc86eef20e6d5c29,T-S1:C_en_context,385ca67150b9eca22e18923afe0534a9c3b5cd85a1aaec3bb5b4fcd049675130,huggingface/transformers#48836,493d1336953a7b4b3c80f7b357bfd47477c83ce880cb522a2290d2a27376045f,,unknown,title_body,,https://github.com/huggingface/transformers/issues/48836,,,,,,unreviewed
657e4464cf1b0704,O-C2:B_ko_context,884d34da7ae91a0acf8f0667333094ce69a7e9c5a2797832db4ac1de6fb25203,opencv/opencv#28666,faf0b91b79f6fb9edcd6ef8464dcc650ddfc8e63d35ebad2fbb7b1e75732ac66,,unknown,title_body,,https://github.com/opencv/opencv/issues/28666,,,,,,unreviewed
91c13ea552fd3234,T-E2:C_en_context,4f992f47b75ffacfcf6e443adbea9ed36f26cef591cd8a73ecf3ac29b98c7d96,huggingface/transformers#48308,e57b1fed4e04ee729cfbdc74eb8a4cb2314c49e5d7ae29bbbacbab310cbfc94c,,unknown,title_body,,https://github.com/huggingface/transformers/issues/48308,,,,,,unreviewed
4f83a7eab2dc199a,T-S2:A_ko_symptom,5d626107a9e2326d53333a4c4cca170ca70df744b62bb2a3d82f47870dde3c09,huggingface/transformers#48567,fde63e7a01b162d3fd0f5b9069c8ed2f0f272844e184f16cff02c5d5387c9f69,,unknown,title_body,,https://github.com/huggingface/transformers/issues/48567,,,,,,unreviewed
42a4250f125591c7,O-E2:B_ko_context,dbb67fde588978c493a177b12b28643d394165fcb9fd40c26d3a42a3f1bd85aa,opencv/opencv#28629,2895cb766fb32dc48cd09f0ff4535088b05bc33f586a04b32c772f8695102f33,,unknown,title_body,,https://github.com/opencv/opencv/issues/28629,,,,,,unreviewed
99915bcc35324d2c,O-C1:B_ko_context,8ed66576a8d0e0c8aad8a9198553949ef6b2cb6079bcce397589e78eac36b6e1,opencv/opencv#29699,4c17579cd749199f5cd27b9d75d176676ab5db31abc8ec170abe02a4e5f0dd1c,,unknown,title_body,,https://github.com/opencv/opencv/issues/29699,,,,,,unreviewed
a7109964e0b9dbce,O-C2:A_ko_symptom,7d4f5c544b177d9afeb26acf52be9c97b0535f8f82b50893cef3440d73baa5c6,opencv/opencv#29636,3d9d81539912d3d13c8873a22ca3f7e2245fab6f2453f6092a1aa2041210babd,,unknown,title_body,,https://github.com/opencv/opencv/issues/29636,,,,,,unreviewed
a7bffa8497f263ab,O-E1:A_ko_symptom,c61f16ced5a9fb5874959769397cff94a19cac84981d037be27a968c4c81046d,opencv/opencv#28784,2b355044213230937cf2ec7cc6045be1823c02a55a9a5e4bba34d543c46ab3d1,,unknown,title_body,,https://github.com/opencv/opencv/issues/28784,,,,,,unreviewed
4c35dac08ea49c3e,O-E2:A_ko_symptom,f1385d42aeb2bd224b9d384b2895c9c0105ff556297983fb38508312ffe9ddbc,opencv/opencv#30017,6d18e867d1df9f6b9a98be1a3d0e56f5cb7ff83c58b99cb608570f521a863411,,unknown,title_body,,https://github.com/opencv/opencv/issues/30017,,,,,,unreviewed
d622500bb27475da,T-S1:A_ko_symptom,1dd2898b136f6a3b5507666596321c30540d2f237761bfe5d4fda891ac0f832a,huggingface/transformers#47695,af6ed71ccd7e56059d9ec386f6f64b04d7024610edf2217f58452e3c1c526606,,unknown,title_body,,https://github.com/huggingface/transformers/issues/47695,,,,,,unreviewed
21b57e7fe0c83cf9,T-C2:B_ko_context,c361660e90d5a1990ed281862ad5d3f3468f18d68f0e9a6ab479a3281f595f33,huggingface/transformers#47254,aa2d4b324a2fd4a3265e82cc2f9b73fc6c4e97f6faad28cc37133ab3f6c86901,,unknown,title_body,,https://github.com/huggingface/transformers/issues/47254,,,,,,unreviewed
2583b5933cd8d115,T-E2:C_en_context,4f992f47b75ffacfcf6e443adbea9ed36f26cef591cd8a73ecf3ac29b98c7d96,huggingface/transformers#48722,d0ebe73ee58be08a7f235288e45d2e82c49b64d63acf8a7aace40184662050e6,,unknown,title_body,,https://github.com/huggingface/transformers/issues/48722,,,,,,unreviewed
62e97a437f66e386,T-C2:B_ko_context,c361660e90d5a1990ed281862ad5d3f3468f18d68f0e9a6ab479a3281f595f33,huggingface/transformers#48285,b337d9249adea7033b650b925060f8653b7396f95177ea639e62f45e8fef0752,,unknown,title_body,,https://github.com/huggingface/transformers/issues/48285,,,,,,unreviewed
c8611cee3c977e95,O-E2:A_ko_symptom,f1385d42aeb2bd224b9d384b2895c9c0105ff556297983fb38508312ffe9ddbc,opencv/opencv#29195,f56a719697fc2cf9af6d44ea1f0eac0fc2269c0fc5173b65b31f2f8193b2ed65,,unknown,title_body,,https://github.com/opencv/opencv/issues/29195,,,,,,unreviewed
ff82312599fd9002,T-E1:C_en_context,e02f041f9cce25daa8b00b80bcf233110a114e299b77e08207338570c41e8aa3,huggingface/transformers#49051,69230b79d5ed500785962b2babfb627b896f315fa23232e213615fd72aee93ba,,unknown,title_body,,https://github.com/huggingface/transformers/issues/49051,,,,,,unreviewed
714472abf92affec,O-E2:B_ko_context,dbb67fde588978c493a177b12b28643d394165fcb9fd40c26d3a42a3f1bd85aa,opencv/opencv#29422,db1ad21900a2ea8b5d77fb5d15fcdaef4333922d50f885c5b59991a6b879ccd6,,unknown,title_body,,https://github.com/opencv/opencv/issues/29422,,,,,,unreviewed
b51480b1c2e19961,O-C2:A_ko_symptom,7d4f5c544b177d9afeb26acf52be9c97b0535f8f82b50893cef3440d73baa5c6,opencv/opencv#28783,837a06a3462c61cece393e7c6b9a22161a560be495189a7e48812ea594a80317,,unknown,title_body,,https://github.com/opencv/opencv/issues/28783,,,,,,unreviewed
0ddce728ae29d92b,O-E1:A_ko_symptom,c61f16ced5a9fb5874959769397cff94a19cac84981d037be27a968c4c81046d,opencv/opencv#29265,9629f6cdab9b7e00fdcdfced7f1120c83f328b99936b1356e5bb364e68ba459e,,unknown,title_body,,https://github.com/opencv/opencv/issues/29265,,,,,,unreviewed
3e040c8e03bde4d9,T-S1:B_ko_context,64c8b60e9d51a7521bee4655c821bfaf9694277f2f78ab3aaa69f46937153478,huggingface/transformers#48057,a766391260a4ab6fd084317647749c5bee972d62dec05935a5fafd1592d4fa77,,unknown,title_body,,https://github.com/huggingface/transformers/issues/48057,,,,,,unreviewed
b5be73b7d086bc19,T-S2:C_en_context,65f2530d16787c27f07cc3ff2fb740be85d24cd3b49b13336a5af13f75fc7cfe,huggingface/transformers#47831,0a538a059c894fa92c65cda8017adeb936ae49d1ca7ee303dcf9d49a4ee33bbf,,unknown,title_body,,https://github.com/huggingface/transformers/issues/47831,,,,,,unreviewed
0cfc49a497d6951c,T-S1:A_ko_symptom,1dd2898b136f6a3b5507666596321c30540d2f237761bfe5d4fda891ac0f832a,huggingface/transformers#48240,0a63159299acc309c90de370351a097675e621f01e760a1c378fd22ecc16b232,,unknown,title_body,,https://github.com/huggingface/transformers/issues/48240,,,,,,unreviewed
003f2b66cebe4b36,T-E1:C_en_context,e02f041f9cce25daa8b00b80bcf233110a114e299b77e08207338570c41e8aa3,huggingface/transformers#49007,4028e8b343411cabc47bb8ae8337c37e7bd8ba16ffa8d00e20e944a7937e6206,,unknown,title_body,,https://github.com/huggingface/transformers/issues/49007,,,,,,unreviewed
9f584f82f766c243,T-S1:A_ko_symptom,1dd2898b136f6a3b5507666596321c30540d2f237761bfe5d4fda891ac0f832a,huggingface/transformers#49095,35b181a401c2308b195b0f694d0b8a93c62764f92a7c4172b4b192210502aa93,,unknown,title_body,,https://github.com/huggingface/transformers/issues/49095,,,,,,unreviewed
db43b9ea18858f80,O-S2:C_en_context,b5f1cd755c213858d7338b9209d617d9f1741c2f749f8584fd459bdcdeb851ca,opencv/opencv#30017,6d18e867d1df9f6b9a98be1a3d0e56f5cb7ff83c58b99cb608570f521a863411,,unknown,title_body,,https://github.com/opencv/opencv/issues/30017,,,,,,unreviewed
217f20bd5576544c,O-E1:A_ko_symptom,c61f16ced5a9fb5874959769397cff94a19cac84981d037be27a968c4c81046d,opencv/opencv#28241,253f8cb7b79d4c71a3e7c072243c37c5c01cb7a1b3e0fa7bec1d0a016be29bff,,unknown,title_body,,https://github.com/opencv/opencv/issues/28241,,,,,,unreviewed
25b96ab16a1c5614,O-S2:B_ko_context,51727030ad0700bc0f5b036121eabb0f83c1279cc57992cc733f74f6e31374b1,opencv/opencv#29263,4c2c3f3849e8dad1f7fcdc57d6ddea8b853ebb82f0c872596d915b759b3e15f5,,unknown,title_body,,https://github.com/opencv/opencv/issues/29263,,,,,,unreviewed
840d1a458a85abdb,T-E1:B_ko_context,af17c35898fef9b353bcdeebcfe4ded264e59d0cb9d8b6de336053e97285f2c6,huggingface/transformers#48607,7547410e858cd9294dc2eaaa154b9e12cc57d7016ff8a735c1a8058ba428499e,,unknown,title_body,,https://github.com/huggingface/transformers/issues/48607,,,,,,unreviewed
9823c2db34f2ddfe,T-S2:B_ko_context,27476b92ccd392cc10227a7376f46100c84ed67e64645d94a84f8965a6ac0dc6,huggingface/transformers#48755,fc500a21440a0e7227176a5eaab1532018db1821e780d007a59aaf8ed8531db3,,unknown,title_body,,https://github.com/huggingface/transformers/issues/48755,,,,,,unreviewed
ed273416daa1a635,O-S1:C_en_context,6c2dedf66feba80798f8f0bc856584dfcedc5f7f59588ba8ea7a77783027e0d0,opencv/opencv#29699,4c17579cd749199f5cd27b9d75d176676ab5db31abc8ec170abe02a4e5f0dd1c,,unknown,title_body,,https://github.com/opencv/opencv/issues/29699,,,,,,unreviewed
4dd53d713e52f827,T-S1:B_ko_context,64c8b60e9d51a7521bee4655c821bfaf9694277f2f78ab3aaa69f46937153478,huggingface/transformers#48312,e5de6dbdf7433dcf2b7d3c1ce449e46d5952cd0eecf66aa1a5037894c28ea318,,unknown,title_body,,https://github.com/huggingface/transformers/issues/48312,,,,,,unreviewed
b6698b0c15493973,T-E1:B_ko_context,af17c35898fef9b353bcdeebcfe4ded264e59d0cb9d8b6de336053e97285f2c6,huggingface/transformers#48736,abd20b9c68b2a92c8ab5b48326b4790dbda3f389c2b60db3e113a7a6d5215675,,unknown,title_body,,https://github.com/huggingface/transformers/issues/48736,,,,,,unreviewed
147e45d812d42536,O-E2:A_ko_symptom,f1385d42aeb2bd224b9d384b2895c9c0105ff556297983fb38508312ffe9ddbc,opencv/opencv#28469,6676398e5b6e0aaa30286414e186358efdd9f710d17ba75d18efe988cdecdd5b,,unknown,title_body,,https://github.com/opencv/opencv/issues/28469,,,,,,unreviewed
399acd201b88c38c,T-S2:B_ko_context,27476b92ccd392cc10227a7376f46100c84ed67e64645d94a84f8965a6ac0dc6,huggingface/transformers#49175,2bb3768ed3502de24bb78fd84f8134481f16b018152c68ed999f3320e0c82275,,unknown,title_body,,https://github.com/huggingface/transformers/issues/49175,,,,,,unreviewed
4851cca7cecab806,T-S2:C_en_context,65f2530d16787c27f07cc3ff2fb740be85d24cd3b49b13336a5af13f75fc7cfe,huggingface/transformers#49193,6263e935f8fd626d03ca0d8109108ef794c7ec9ab8adf6898ac6b5c2f1e5ae25,,unknown,title_body,,https://github.com/huggingface/transformers/issues/49193,,,,,,unreviewed
c335ebf6ce591a1c,O-C1:C_en_context,a75ef6d20c688c91395b5ff5f270f91f1a17ee8b827fe8db5cc466c2edc39ae6,opencv/opencv#29458,b555bc094f229dd07fefb543fa4f59045825ded0bbe79cec86a1e67fac419785,,unknown,title_body,,https://github.com/opencv/opencv/issues/29458,,,,,,unreviewed
3de0b4fa6b3197b4,O-S2:C_en_context,b5f1cd755c213858d7338b9209d617d9f1741c2f749f8584fd459bdcdeb851ca,opencv/opencv#29263,4c2c3f3849e8dad1f7fcdc57d6ddea8b853ebb82f0c872596d915b759b3e15f5,,unknown,title_body,,https://github.com/opencv/opencv/issues/29263,,,,,,unreviewed
38204174dd4f336d,T-S2:B_ko_context,27476b92ccd392cc10227a7376f46100c84ed67e64645d94a84f8965a6ac0dc6,huggingface/transformers#48826,8a7ecd0c859c9e776f05e364572ae88479431a1c1f9402a57bb6b390c1a0c2d3,,unknown,title_body,,https://github.com/huggingface/transformers/issues/48826,,,,,,unreviewed
258aab122071da28,O-C1:B_ko_context,8ed66576a8d0e0c8aad8a9198553949ef6b2cb6079bcce397589e78eac36b6e1,opencv/opencv#28904,4060a5dcfc09eaba85fe85f358abe6248f3e3dab3a6063064ca50532bf966a27,,unknown,title_body,,https://github.com/opencv/opencv/issues/28904,,,,,,unreviewed
128ee347f1b361e3,T-S1:B_ko_context,64c8b60e9d51a7521bee4655c821bfaf9694277f2f78ab3aaa69f46937153478,huggingface/transformers#49093,f3e292ee27e839b9942661f26811a5919fe40a5bc9fedf924e33d3e989b2b04d,,unknown,title_body,,https://github.com/huggingface/transformers/issues/49093,,,,,,unreviewed
44a4fd35a52fd804,T-S2:B_ko_context,27476b92ccd392cc10227a7376f46100c84ed67e64645d94a84f8965a6ac0dc6,huggingface/transformers#48690,383fd76ee9fab55459c1f6f6b7bff60138b4b7791e9f15f550c996023cb9ee2b,,unknown,title_body,,https://github.com/huggingface/transformers/issues/48690,,,,,,unreviewed
6357b925a19d3c4c,T-E2:C_en_context,4f992f47b75ffacfcf6e443adbea9ed36f26cef591cd8a73ecf3ac29b98c7d96,huggingface/transformers#48346,9d9102023c8a4eec0877e9d685ad54c5035a30e54d1cb5cca40c727361403a0b,,unknown,title_body,,https://github.com/huggingface/transformers/issues/48346,,,,,,unreviewed
c0a16f62f44c1536,T-S1:B_ko_context,64c8b60e9d51a7521bee4655c821bfaf9694277f2f78ab3aaa69f46937153478,huggingface/transformers#47530,810683f1c27ee62bdb3361c1293e1e631e4049231a7007ad3265cbb5e537369b,,unknown,title_body,,https://github.com/huggingface/transformers/issues/47530,,,,,,unreviewed
ce3d829e3b6dab53,O-S1:A_ko_symptom,a340a4d4640ab711a7d407a1b04b58b45063a2ee2080359b296ec7ba7eaae09c,opencv/opencv#29591,7392b7263b2e5a480834cb36d2b484a283af6d77fc3447eea58cf3554a9bb17c,,unknown,title_body,,https://github.com/opencv/opencv/issues/29591,,,,,,unreviewed
5dfe1c10c97e66ee,T-S1:A_ko_symptom,1dd2898b136f6a3b5507666596321c30540d2f237761bfe5d4fda891ac0f832a,huggingface/transformers#48298,8ddccaf361c79f3ef03d015a4ad29c20ef743af507743eb914524a6df51e436a,,unknown,title_body,,https://github.com/huggingface/transformers/issues/48298,,,,,,unreviewed
16b1f36efa09e5b4,T-E1:C_en_context,e02f041f9cce25daa8b00b80bcf233110a114e299b77e08207338570c41e8aa3,huggingface/transformers#48607,7547410e858cd9294dc2eaaa154b9e12cc57d7016ff8a735c1a8058ba428499e,,unknown,title_body,,https://github.com/huggingface/transformers/issues/48607,,,,,,unreviewed
d12f7c9ef083bcad,O-C1:B_ko_context,8ed66576a8d0e0c8aad8a9198553949ef6b2cb6079bcce397589e78eac36b6e1,opencv/opencv#28207,6001567ece60d03f5ec2bf900c312eeef3c028bba43091a5f6e0ca3c1e810a5a,,unknown,title_body,,https://github.com/opencv/opencv/issues/28207,,,,,,unreviewed
d32c62a917615d9f,T-S1:C_en_context,385ca67150b9eca22e18923afe0534a9c3b5cd85a1aaec3bb5b4fcd049675130,huggingface/transformers#47470,593331a89a1988693c67c1a34bc855662f855ec85fc4e09c84f0b9124a699e1a,,unknown,title_body,,https://github.com/huggingface/transformers/issues/47470,,,,,,unreviewed
7a2af2609632eeb9,T-C2:B_ko_context,c361660e90d5a1990ed281862ad5d3f3468f18d68f0e9a6ab479a3281f595f33,huggingface/transformers#48422,ff27bdf0aa10f89e51d79708c382cfb1dbd32639f5a7c7593498ba6e21a8a4cc,,unknown,title_body,,https://github.com/huggingface/transformers/issues/48422,,,,,,unreviewed
beb4ef294244a59c,O-C1:B_ko_context,8ed66576a8d0e0c8aad8a9198553949ef6b2cb6079bcce397589e78eac36b6e1,opencv/opencv#29325,1d56b4ac5fdd2a3a575a41827a299076b683c450c6917ac2e9754f1c20a759d0,,unknown,title_body,,https://github.com/opencv/opencv/issues/29325,,,,,,unreviewed
f327d4a35b65ed98,T-C1:B_ko_context,9971a350ad4b6cd8a46a06c19fb42891b09aced5ff4c485a09e14e60397248ba,huggingface/transformers#49051,69230b79d5ed500785962b2babfb627b896f315fa23232e213615fd72aee93ba,,unknown,title_body,,https://github.com/huggingface/transformers/issues/49051,,,,,,unreviewed
8c3687ff75ad33b9,T-C2:B_ko_context,c361660e90d5a1990ed281862ad5d3f3468f18d68f0e9a6ab479a3281f595f33,huggingface/transformers#48805,9a6cbb93d6a9f4cf70ba58994c15985c2af9e3fbd479f14471ae1c4daf0f7cba,,unknown,title_body,,https://github.com/huggingface/transformers/issues/48805,,,,,,unreviewed
9e924f20ee303e95,O-E1:A_ko_symptom,c61f16ced5a9fb5874959769397cff94a19cac84981d037be27a968c4c81046d,opencv/opencv#29325,1d56b4ac5fdd2a3a575a41827a299076b683c450c6917ac2e9754f1c20a759d0,,unknown,title_body,,https://github.com/opencv/opencv/issues/29325,,,,,,unreviewed
4f5f99b43fafac92,T-C1:C_en_context,eb4690319aec18202bef4832c0c922c7394983d5f36aa7df4269a70994b809e8,huggingface/transformers#47246,48a89bacbe5249708a7894725c4e93cf32622ae2044af990cdbb849c10dabb7d,,unknown,title_body,,https://github.com/huggingface/transformers/issues/47246,,,,,,unreviewed
7c430d0208103b7c,O-E2:A_ko_symptom,f1385d42aeb2bd224b9d384b2895c9c0105ff556297983fb38508312ffe9ddbc,opencv/opencv#29325,1d56b4ac5fdd2a3a575a41827a299076b683c450c6917ac2e9754f1c20a759d0,,unknown,title_body,,https://github.com/opencv/opencv/issues/29325,,,,,,unreviewed
040f3a26e59c5f75,O-C1:B_ko_context,8ed66576a8d0e0c8aad8a9198553949ef6b2cb6079bcce397589e78eac36b6e1,opencv/opencv#28784,2b355044213230937cf2ec7cc6045be1823c02a55a9a5e4bba34d543c46ab3d1,,unknown,title_body,,https://github.com/opencv/opencv/issues/28784,,,,,,unreviewed
7ae13922746fc43e,T-S2:C_en_context,65f2530d16787c27f07cc3ff2fb740be85d24cd3b49b13336a5af13f75fc7cfe,huggingface/transformers#48841,7f7ef788e1493a0bc202b1a324db8e31baa3bc158e74ce5144030805efa3f004,,unknown,title_body,,https://github.com/huggingface/transformers/issues/48841,,,,,,unreviewed
ed8f6d5f8dcafb1e,T-C1:B_ko_context,9971a350ad4b6cd8a46a06c19fb42891b09aced5ff4c485a09e14e60397248ba,huggingface/transformers#47875,764beb366481d1343bf554ad942ae1d79bae411fa1bb945ec16620756c4afd8e,,unknown,title_body,,https://github.com/huggingface/transformers/issues/47875,,,,,,unreviewed
5c7c71ebd514e9b9,T-E2:A_ko_symptom,dcd3313fe25cc06d6aad51b62fe53ed594d3f72fe73f875de8556e0fa969234a,huggingface/transformers#48351,559912248534548040352143e63e359a943a41d975167e167e53f17664131069,,unknown,title_body,,https://github.com/huggingface/transformers/issues/48351,,,,,,unreviewed
7437d471f18205f9,T-E1:C_en_context,e02f041f9cce25daa8b00b80bcf233110a114e299b77e08207338570c41e8aa3,huggingface/transformers#48556,7c90418129757e31c027668ae10168b10918f9f4feecc2518323c39919525a88,,unknown,title_body,,https://github.com/huggingface/transformers/issues/48556,,,,,,unreviewed
80615a26db379625,O-E1:C_en_context,f1f8a981698c11c09d2b894fb9ad4857b201c534532ef9a78af96e4195b85f71,opencv/opencv#29885,5d929d7dcb738ca94e078a753bd610c14e41f0490a3a7f575ca720dc1c58e0b2,,unknown,title_body,,https://github.com/opencv/opencv/issues/29885,,,,,,unreviewed
bf3d8c7182e29348,O-C1:B_ko_context,8ed66576a8d0e0c8aad8a9198553949ef6b2cb6079bcce397589e78eac36b6e1,opencv/opencv#28165,379760b08d99439a884f22d17d040d439c1be4c2873d07768429b5840df2fb58,,unknown,title_body,,https://github.com/opencv/opencv/issues/28165,,,,,,unreviewed
861daa36e3ee139a,T-S1:B_ko_context,64c8b60e9d51a7521bee4655c821bfaf9694277f2f78ab3aaa69f46937153478,huggingface/transformers#48703,1a6833b46ada94b6e3f316813a270d7a6a682b4f98386c8259a83b551b4e12f1,,unknown,title_body,,https://github.com/huggingface/transformers/issues/48703,,,,,,unreviewed
6fe6bc65fbab49e6,O-S1:C_en_context,6c2dedf66feba80798f8f0bc856584dfcedc5f7f59588ba8ea7a77783027e0d0,opencv/opencv#29591,7392b7263b2e5a480834cb36d2b484a283af6d77fc3447eea58cf3554a9bb17c,,unknown,title_body,,https://github.com/opencv/opencv/issues/29591,,,,,,unreviewed
98039a0f0cfe5892,T-C1:B_ko_context,9971a350ad4b6cd8a46a06c19fb42891b09aced5ff4c485a09e14e60397248ba,huggingface/transformers#48703,1a6833b46ada94b6e3f316813a270d7a6a682b4f98386c8259a83b551b4e12f1,,unknown,title_body,,https://github.com/huggingface/transformers/issues/48703,,,,,,unreviewed
9a805ebb33dbe331,O-C1:A_ko_symptom,74965f96ab82544b1390f5338587b1afff0001727f09c9465834f77db98eacba,opencv/opencv#28919,9a12032adb7f0ade8d4362f5ac667d29b328ec0297a4b06064d023bbb7a15c96,,unknown,title_body,,https://github.com/opencv/opencv/issues/28919,,,,,,unreviewed
cdbee3e9369ab073,T-E2:A_ko_symptom,dcd3313fe25cc06d6aad51b62fe53ed594d3f72fe73f875de8556e0fa969234a,huggingface/transformers#48349,bd39a8ba34bbf70a0df972f511dc9b3bfe02fc58cf771950cfa188c4a3788d1a,,unknown,title_body,,https://github.com/huggingface/transformers/issues/48349,,,,,,unreviewed
1c80e709d230f799,O-E2:A_ko_symptom,f1385d42aeb2bd224b9d384b2895c9c0105ff556297983fb38508312ffe9ddbc,opencv/opencv#28554,92e9f1e2e7e773891c525e5b3333d1c1cab20e75efb5580dc0c65f605ce66a63,,unknown,title_body,,https://github.com/opencv/opencv/issues/28554,,,,,,unreviewed
75676ca5289bedb0,T-S2:C_en_context,65f2530d16787c27f07cc3ff2fb740be85d24cd3b49b13336a5af13f75fc7cfe,huggingface/transformers#48241,ded5e9f11a4088666ce392e419fba920856704ce00d3fa565cd79532e8bb2e30,,unknown,title_body,,https://github.com/huggingface/transformers/issues/48241,,,,,,unreviewed
c0585ed71b81a5ab,O-C1:B_ko_context,8ed66576a8d0e0c8aad8a9198553949ef6b2cb6079bcce397589e78eac36b6e1,opencv/opencv#28638,0915747055f2e70ac562af1ba1418ac3031ab4906141f29d1496aa95d61ce2f2,,unknown,title_body,,https://github.com/opencv/opencv/issues/28638,,,,,,unreviewed
0fecd95cfce4a9a8,O-S2:B_ko_context,51727030ad0700bc0f5b036121eabb0f83c1279cc57992cc733f74f6e31374b1,opencv/opencv#28919,9a12032adb7f0ade8d4362f5ac667d29b328ec0297a4b06064d023bbb7a15c96,,unknown,title_body,,https://github.com/opencv/opencv/issues/28919,,,,,,unreviewed
d4c06a201801432d,O-C2:C_en_context,59f567cc3d63ea625db722d6e27ba9ad376beb6edbb0b42859175bd3721acae5,opencv/opencv#30017,6d18e867d1df9f6b9a98be1a3d0e56f5cb7ff83c58b99cb608570f521a863411,,unknown,title_body,,https://github.com/opencv/opencv/issues/30017,,,,,,unreviewed
185db7680055b43a,T-E2:C_en_context,4f992f47b75ffacfcf6e443adbea9ed36f26cef591cd8a73ecf3ac29b98c7d96,huggingface/transformers#47917,60d4fe3f9e13071d4394526a35bdec30d7dda0966d5f8d4de21b43e1302ea803,,unknown,title_body,,https://github.com/huggingface/transformers/issues/47917,,,,,,unreviewed
cc98afeeb726b088,T-C1:C_en_context,eb4690319aec18202bef4832c0c922c7394983d5f36aa7df4269a70994b809e8,huggingface/transformers#47721,836300bbc3703bd99b7b77dfb61c538113626de4d8cf10522a709b59c5bf58b0,,unknown,title_body,,https://github.com/huggingface/transformers/issues/47721,,,,,,unreviewed
90519f80252e63f9,O-C1:C_en_context,a75ef6d20c688c91395b5ff5f270f91f1a17ee8b827fe8db5cc466c2edc39ae6,opencv/opencv#28608,82a8035b2d73d10b61068025f682ae56e3251457b226326f0134ebba43cf5b19,,unknown,title_body,,https://github.com/opencv/opencv/issues/28608,,,,,,unreviewed
8e52b872b293fcbe,T-C1:C_en_context,eb4690319aec18202bef4832c0c922c7394983d5f36aa7df4269a70994b809e8,huggingface/transformers#47534,d049aa64dc924069de4123d8651cc637cb5e04b8a3b860a1fca2cae55c0ac4fe,,unknown,title_body,,https://github.com/huggingface/transformers/issues/47534,,,,,,unreviewed
a2ba165e4d9c88b8,T-E1:C_en_context,e02f041f9cce25daa8b00b80bcf233110a114e299b77e08207338570c41e8aa3,huggingface/transformers#48703,1a6833b46ada94b6e3f316813a270d7a6a682b4f98386c8259a83b551b4e12f1,,unknown,title_body,,https://github.com/huggingface/transformers/issues/48703,,,,,,unreviewed
5f3cf5c1b66fac5e,T-S1:C_en_context,385ca67150b9eca22e18923afe0534a9c3b5cd85a1aaec3bb5b4fcd049675130,huggingface/transformers#48703,1a6833b46ada94b6e3f316813a270d7a6a682b4f98386c8259a83b551b4e12f1,,unknown,title_body,,https://github.com/huggingface/transformers/issues/48703,,,,,,unreviewed
bb2213bd7e1d94a1,T-S2:A_ko_symptom,5d626107a9e2326d53333a4c4cca170ca70df744b62bb2a3d82f47870dde3c09,huggingface/transformers#47553,206bdecf818b3911b26e8866843752922481ec2771257e13ecff66eeadd88deb,,unknown,title_body,,https://github.com/huggingface/transformers/issues/47553,,,,,,unreviewed
bf8c625e7076b7df,T-S2:A_ko_symptom,5d626107a9e2326d53333a4c4cca170ca70df744b62bb2a3d82f47870dde3c09,huggingface/transformers#48422,ff27bdf0aa10f89e51d79708c382cfb1dbd32639f5a7c7593498ba6e21a8a4cc,,unknown,title_body,,https://github.com/huggingface/transformers/issues/48422,,,,,,unreviewed
78c03ea2f7516053,T-E1:B_ko_context,af17c35898fef9b353bcdeebcfe4ded264e59d0cb9d8b6de336053e97285f2c6,huggingface/transformers#48964,24ca0f398a5e4081992fe07c36fc57dd6b935e927ea76f079bbff32cee1a9f87,,unknown,title_body,,https://github.com/huggingface/transformers/issues/48964,,,,,,unreviewed
57e53334dee1eec5,T-C1:B_ko_context,9971a350ad4b6cd8a46a06c19fb42891b09aced5ff4c485a09e14e60397248ba,huggingface/transformers#47721,836300bbc3703bd99b7b77dfb61c538113626de4d8cf10522a709b59c5bf58b0,,unknown,title_body,,https://github.com/huggingface/transformers/issues/47721,,,,,,unreviewed
7e292dc30621b429,O-E2:C_en_context,674c5648aeafd84d3e7f5cc3ee7dbb5990c583b9daf4b58bd1a21c2abaf0f6c1,opencv/opencv#28438,ced261647b6444256587f9b0c177dfec3ccf46a2d39e848ef1a3490c18c2e9b5,,unknown,title_body,,https://github.com/opencv/opencv/issues/28438,,,,,,unreviewed
a11840bb97259b4c,T-S1:C_en_context,385ca67150b9eca22e18923afe0534a9c3b5cd85a1aaec3bb5b4fcd049675130,huggingface/transformers#48592,3df79db78f6e5200f6a73175e324533fce62547e1df2bcaeaff8e59b03239da6,,unknown,title_body,,https://github.com/huggingface/transformers/issues/48592,,,,,,unreviewed
b6b84d7d007e9944,O-S1:C_en_context,6c2dedf66feba80798f8f0bc856584dfcedc5f7f59588ba8ea7a77783027e0d0,opencv/opencv#29586,85848343e6ef77296e1d3cd43f9d03f2d577e96bdf955a6a41c222ecfa240dbb,,unknown,title_body,,https://github.com/opencv/opencv/issues/29586,,,,,,unreviewed
cb3d73b1f02384b4,T-C1:C_en_context,eb4690319aec18202bef4832c0c922c7394983d5f36aa7df4269a70994b809e8,huggingface/transformers#48241,ded5e9f11a4088666ce392e419fba920856704ce00d3fa565cd79532e8bb2e30,,unknown,title_body,,https://github.com/huggingface/transformers/issues/48241,,,,,,unreviewed
0b3fddc2166b7ff5,T-S2:B_ko_context,27476b92ccd392cc10227a7376f46100c84ed67e64645d94a84f8965a6ac0dc6,huggingface/transformers#48148,13e5bd08d78213a28b99afae87fec3eda3a40befba2730577bfa392374d53b11,,unknown,title_body,,https://github.com/huggingface/transformers/issues/48148,,,,,,unreviewed
8eabd4dfd287ce2b,O-E1:A_ko_symptom,c61f16ced5a9fb5874959769397cff94a19cac84981d037be27a968c4c81046d,opencv/opencv#28254,c79076d49f984d059a5ecd0a4595316af3666c3dc655dcd355434a94af56a458,,unknown,title_body,,https://github.com/opencv/opencv/issues/28254,,,,,,unreviewed
586db77f3242f6a7,O-C2:A_ko_symptom,7d4f5c544b177d9afeb26acf52be9c97b0535f8f82b50893cef3440d73baa5c6,opencv/opencv#28512,1f5b83d01b3e0a073d8a6b4ad204f729ddec5edf302666ee2b674ee46dfd3946,,unknown,title_body,,https://github.com/opencv/opencv/issues/28512,,,,,,unreviewed
d2500879e0748c12,O-S2:C_en_context,b5f1cd755c213858d7338b9209d617d9f1741c2f749f8584fd459bdcdeb851ca,opencv/opencv#29342,eb88e98627af1fe05feec43c290be749b1eb8e4df2c0687b26b5c753cbc3b675,,unknown,title_body,,https://github.com/opencv/opencv/issues/29342,,,,,,unreviewed
6e376f50a15dd5e5,O-C2:B_ko_context,884d34da7ae91a0acf8f0667333094ce69a7e9c5a2797832db4ac1de6fb25203,opencv/opencv#29636,3d9d81539912d3d13c8873a22ca3f7e2245fab6f2453f6092a1aa2041210babd,,unknown,title_body,,https://github.com/opencv/opencv/issues/29636,,,,,,unreviewed
01071c3acdbad745,O-S2:B_ko_context,51727030ad0700bc0f5b036121eabb0f83c1279cc57992cc733f74f6e31374b1,opencv/opencv#28382,85857c53af5bf84de29adc092d28aeb884c296afe6c0172d3b177c59dcf6d4d2,,unknown,title_body,,https://github.com/opencv/opencv/issues/28382,,,,,,unreviewed
52643f11f5007566,T-E1:A_ko_symptom,8dc9273a2cb0d3313ec05d6cc9777473768336e1747a7878bcb818ec5f5a0494,huggingface/transformers#49051,69230b79d5ed500785962b2babfb627b896f315fa23232e213615fd72aee93ba,,unknown,title_body,,https://github.com/huggingface/transformers/issues/49051,,,,,,unreviewed
6fb7d409aca1fb93,O-C1:B_ko_context,8ed66576a8d0e0c8aad8a9198553949ef6b2cb6079bcce397589e78eac36b6e1,opencv/opencv#28629,2895cb766fb32dc48cd09f0ff4535088b05bc33f586a04b32c772f8695102f33,,unknown,title_body,,https://github.com/opencv/opencv/issues/28629,,,,,,unreviewed
6e55a7ee22e215a6,T-C1:B_ko_context,9971a350ad4b6cd8a46a06c19fb42891b09aced5ff4c485a09e14e60397248ba,huggingface/transformers#47246,48a89bacbe5249708a7894725c4e93cf32622ae2044af990cdbb849c10dabb7d,,unknown,title_body,,https://github.com/huggingface/transformers/issues/47246,,,,,,unreviewed
64dedbd8ae521b29,T-E2:A_ko_symptom,dcd3313fe25cc06d6aad51b62fe53ed594d3f72fe73f875de8556e0fa969234a,huggingface/transformers#48400,36127fcea88052647f7a2335e1d3d8cbc830717710ba954430ffe260892446ef,,unknown,title_body,,https://github.com/huggingface/transformers/issues/48400,,,,,,unreviewed
b5a08666f7ebb4fb,T-C2:A_ko_symptom,bc3574a284c83fd6a8e09b3dd237a195c53c7e781f374c1be41616523d4f016a,huggingface/transformers#48315,5e213039d9ade4c15cb3cb52f3b77b18f2408cee890e5a48859a6ef2c9521110,,unknown,title_body,,https://github.com/huggingface/transformers/issues/48315,,,,,,unreviewed
76d277d556494e28,O-C2:A_ko_symptom,7d4f5c544b177d9afeb26acf52be9c97b0535f8f82b50893cef3440d73baa5c6,opencv/opencv#28325,13459460cad327e5ca148fb3b3e62a734339d3a96071cdf25f44869b5b41eaf5,,unknown,title_body,,https://github.com/opencv/opencv/issues/28325,,,,,,unreviewed
4f54ba2e50eeaf6a,T-E2:C_en_context,4f992f47b75ffacfcf6e443adbea9ed36f26cef591cd8a73ecf3ac29b98c7d96,huggingface/transformers#47721,836300bbc3703bd99b7b77dfb61c538113626de4d8cf10522a709b59c5bf58b0,,unknown,title_body,,https://github.com/huggingface/transformers/issues/47721,,,,,,unreviewed
0bf1c896d74831a7,T-E2:C_en_context,4f992f47b75ffacfcf6e443adbea9ed36f26cef591cd8a73ecf3ac29b98c7d96,huggingface/transformers#47448,faf94cfd1d6f89f9b2a9268d1238902cb315528ceb5416bf22e42e8847dcfb3f,,unknown,title_body,,https://github.com/huggingface/transformers/issues/47448,,,,,,unreviewed
be362ee91a2be523,T-C2:B_ko_context,c361660e90d5a1990ed281862ad5d3f3468f18d68f0e9a6ab479a3281f595f33,huggingface/transformers#48592,3df79db78f6e5200f6a73175e324533fce62547e1df2bcaeaff8e59b03239da6,,unknown,title_body,,https://github.com/huggingface/transformers/issues/48592,,,,,,unreviewed
d7d69d2935fdc9f6,T-E2:A_ko_symptom,dcd3313fe25cc06d6aad51b62fe53ed594d3f72fe73f875de8556e0fa969234a,huggingface/transformers#48695,ba87e6767493f02cbab0779e652ae4c86ff21de811acf735dbe98f765b363fd7,,unknown,title_body,,https://github.com/huggingface/transformers/issues/48695,,,,,,unreviewed
8cbb7e1157e9c6c0,O-S1:B_ko_context,8ad9a8815f4900e9b856c5b64f9f6258ab3e4882de0fa4bd1c69c510422895c7,opencv/opencv#30110,38ac79bed9fc38cfadb67a3da1170a4b776e456d44f0550e6383659fcab7ce52,,unknown,title_body,,https://github.com/opencv/opencv/issues/30110,,,,,,unreviewed
1509fb4f4b0a57ff,T-C1:C_en_context,eb4690319aec18202bef4832c0c922c7394983d5f36aa7df4269a70994b809e8,huggingface/transformers#48633,a8eb4f3b283d3a338a08d4b21f50147089efc8167b78ec9dfbb706ad28f78492,,unknown,title_body,,https://github.com/huggingface/transformers/issues/48633,,,,,,unreviewed
819ab0ef99e1a940,T-C2:B_ko_context,c361660e90d5a1990ed281862ad5d3f3468f18d68f0e9a6ab479a3281f595f33,huggingface/transformers#49121,6f56f21e6198d119833d6bb8b9f5dd6f8031aac8604eed83f24ac5c6428b2fa4,,unknown,title_body,,https://github.com/huggingface/transformers/issues/49121,,,,,,unreviewed
8e3fc8d53273a7ef,O-S2:B_ko_context,51727030ad0700bc0f5b036121eabb0f83c1279cc57992cc733f74f6e31374b1,opencv/opencv#29325,1d56b4ac5fdd2a3a575a41827a299076b683c450c6917ac2e9754f1c20a759d0,,unknown,title_body,,https://github.com/opencv/opencv/issues/29325,,,,,,unreviewed
f98bd6e05723eefd,O-E1:B_ko_context,645807dbe2b0d7744981f2554f3e5688d8395e4014c37bedbfd2cb93be4c4be3,opencv/opencv#29778,b932a833a3623a1bcd045825c3739cdbc782fe05a3c24cddc908a55c3c86e73c,,unknown,title_body,,https://github.com/opencv/opencv/issues/29778,,,,,,unreviewed
42363314af681834,T-E1:B_ko_context,af17c35898fef9b353bcdeebcfe4ded264e59d0cb9d8b6de336053e97285f2c6,huggingface/transformers#48263,7fdbfb96fbc8e896bf791be577c9f7c7b18016b5d87dfd57b06ebd209c6b7183,,unknown,title_body,,https://github.com/huggingface/transformers/issues/48263,,,,,,unreviewed
d655478756255b6a,T-C1:A_ko_symptom,8a09a59f56a9590f1c32248ef97fc824daf10ac11871a46ad75148180a00f35b,huggingface/transformers#48501,aa30df8f51025c5400a0d56ee7e944dccf1f700c5a8fe88ff5a020677ed41d21,,unknown,title_body,,https://github.com/huggingface/transformers/issues/48501,,,,,,unreviewed
a9005b8f7f95816a,T-S1:B_ko_context,64c8b60e9d51a7521bee4655c821bfaf9694277f2f78ab3aaa69f46937153478,huggingface/transformers#48748,df00ab64ffd4f538c0b16007b46b4bd51ebedc6b0bb6632ce1ce4bac244e0d28,,unknown,title_body,,https://github.com/huggingface/transformers/issues/48748,,,,,,unreviewed
9b64cfd9a05bc16f,O-S2:B_ko_context,51727030ad0700bc0f5b036121eabb0f83c1279cc57992cc733f74f6e31374b1,opencv/opencv#29596,23a78e434c2a382b12be9ea8eac9bb4f64fb7e1101bcaaef81559331cf4c2e4d,,unknown,title_body,,https://github.com/opencv/opencv/issues/29596,,,,,,unreviewed
4ab8e1f9500be59d,O-E1:B_ko_context,645807dbe2b0d7744981f2554f3e5688d8395e4014c37bedbfd2cb93be4c4be3,opencv/opencv#29564,637022b7f908cefd2ac17f6f0718c6d703ab9f5fa0c35079da3e7d3c35c34c82,,unknown,title_body,,https://github.com/opencv/opencv/issues/29564,,,,,,unreviewed
02db8410c5735835,O-S2:C_en_context,b5f1cd755c213858d7338b9209d617d9f1741c2f749f8584fd459bdcdeb851ca,opencv/opencv#29705,02996bb0d1a7b705b02d0f5ed9c5750f9b56939f8058a9d5e69c23ec238dcc9b,,unknown,title_body,,https://github.com/opencv/opencv/issues/29705,,,,,,unreviewed
e4fa24c8e0e160a5,T-E1:B_ko_context,af17c35898fef9b353bcdeebcfe4ded264e59d0cb9d8b6de336053e97285f2c6,huggingface/transformers#47879,7ef5e8df30c34463ef196ba278e406442614b9ffdc653f9486b9c7564779d41e,,unknown,title_body,,https://github.com/huggingface/transformers/issues/47879,,,,,,unreviewed
7807e2a0e45a333c,O-C1:C_en_context,a75ef6d20c688c91395b5ff5f270f91f1a17ee8b827fe8db5cc466c2edc39ae6,opencv/opencv#29166,e1e2bff7b636d8c17194821f1d2f1f0641b1d6c7bfbdd5ba3445bc9706c09216,,unknown,title_body,,https://github.com/opencv/opencv/issues/29166,,,,,,unreviewed
b359bb69fc49effb,T-S1:A_ko_symptom,1dd2898b136f6a3b5507666596321c30540d2f237761bfe5d4fda891ac0f832a,huggingface/transformers#47321,002725ee99335791f4f541bf744f1839ac2b41376dd71a17b6a09b61dac68c1f,,unknown,title_body,,https://github.com/huggingface/transformers/issues/47321,,,,,,unreviewed
5bf634b2936c4aaa,O-S1:B_ko_context,8ad9a8815f4900e9b856c5b64f9f6258ab3e4882de0fa4bd1c69c510422895c7,opencv/opencv#29465,fd033d8b4447d880eada9ae655690a48adea4bdc58238dbeecc7029231776ce1,,unknown,title_body,,https://github.com/opencv/opencv/issues/29465,,,,,,unreviewed
dd181a5d77776448,O-S2:A_ko_symptom,3d7117850fe9ddf202bab25cb60a4b6f1d1f0a246d7004cce3122016657fa90f,opencv/opencv#28049,46850c07b7bbace3b0c5abf586b5e938d9c0c5f1e263e885175878dcfbbab483,,unknown,title_body,,https://github.com/opencv/opencv/issues/28049,,,,,,unreviewed
862822d256019429,T-S1:B_ko_context,64c8b60e9d51a7521bee4655c821bfaf9694277f2f78ab3aaa69f46937153478,huggingface/transformers#47752,1133f1d9399ec48482a1957aa0a38e4c823425e6a698e18a0b99f9d67574acfe,,unknown,title_body,,https://github.com/huggingface/transformers/issues/47752,,,,,,unreviewed
2376d8db633f0bf8,T-C2:B_ko_context,c361660e90d5a1990ed281862ad5d3f3468f18d68f0e9a6ab479a3281f595f33,huggingface/transformers#49193,6263e935f8fd626d03ca0d8109108ef794c7ec9ab8adf6898ac6b5c2f1e5ae25,,unknown,title_body,,https://github.com/huggingface/transformers/issues/49193,,,,,,unreviewed
8b2f14be64ef6a55,T-S2:C_en_context,65f2530d16787c27f07cc3ff2fb740be85d24cd3b49b13336a5af13f75fc7cfe,huggingface/transformers#48826,8a7ecd0c859c9e776f05e364572ae88479431a1c1f9402a57bb6b390c1a0c2d3,,unknown,title_body,,https://github.com/huggingface/transformers/issues/48826,,,,,,unreviewed
bc80ea9671ebe28d,T-E2:A_ko_symptom,dcd3313fe25cc06d6aad51b62fe53ed594d3f72fe73f875de8556e0fa969234a,huggingface/transformers#48350,015e66d57139a660272c366fd0f383010bcdf426aa710dcda4ccc4dae6cd7dea,,unknown,title_body,,https://github.com/huggingface/transformers/issues/48350,,,,,,unreviewed
12dec5fe63e12859,O-E2:C_en_context,674c5648aeafd84d3e7f5cc3ee7dbb5990c583b9daf4b58bd1a21c2abaf0f6c1,opencv/opencv#28525,a5159d809a36c4374f2520277dc00517e66f2a59e1c30cacf8a23f9deb38f36f,,unknown,title_body,,https://github.com/opencv/opencv/issues/28525,,,,,,unreviewed
aa83daa646f8d20c,O-S1:C_en_context,6c2dedf66feba80798f8f0bc856584dfcedc5f7f59588ba8ea7a77783027e0d0,opencv/opencv#29565,9846d4ccc31385e562fcc1dba99b738ae64d0672d8b50ae78b146ad6aa23f8e5,,unknown,title_body,,https://github.com/opencv/opencv/issues/29565,,,,,,unreviewed
b07dc4c7fb64bc4f,O-C1:A_ko_symptom,74965f96ab82544b1390f5338587b1afff0001727f09c9465834f77db98eacba,opencv/opencv#29325,1d56b4ac5fdd2a3a575a41827a299076b683c450c6917ac2e9754f1c20a759d0,,unknown,title_body,,https://github.com/opencv/opencv/issues/29325,,,,,,unreviewed
00c50f9f3e891acb,O-S1:C_en_context,6c2dedf66feba80798f8f0bc856584dfcedc5f7f59588ba8ea7a77783027e0d0,opencv/opencv#28469,6676398e5b6e0aaa30286414e186358efdd9f710d17ba75d18efe988cdecdd5b,,unknown,title_body,,https://github.com/opencv/opencv/issues/28469,,,,,,unreviewed
6f4baa4cb20c6fb4,T-S1:A_ko_symptom,1dd2898b136f6a3b5507666596321c30540d2f237761bfe5d4fda891ac0f832a,huggingface/transformers#47553,206bdecf818b3911b26e8866843752922481ec2771257e13ecff66eeadd88deb,,unknown,title_body,,https://github.com/huggingface/transformers/issues/47553,,,,,,unreviewed
b32210605735b5b8,T-S2:B_ko_context,27476b92ccd392cc10227a7376f46100c84ed67e64645d94a84f8965a6ac0dc6,huggingface/transformers#49169,b57a34ca709c2deb99fd2f0cc4539674f1acc0fe92e7d5eba2ba71879726939e,,unknown,title_body,,https://github.com/huggingface/transformers/issues/49169,,,,,,unreviewed
d5be6d40eaa93682,T-S1:A_ko_symptom,1dd2898b136f6a3b5507666596321c30540d2f237761bfe5d4fda891ac0f832a,huggingface/transformers#48321,9ec698490db948f8bdfa4d3b11fd8842bb7de65765f68fa4d0dfcae94245a758,,unknown,title_body,,https://github.com/huggingface/transformers/issues/48321,,,,,,unreviewed
3511b460b8fa5a92,T-S1:A_ko_symptom,1dd2898b136f6a3b5507666596321c30540d2f237761bfe5d4fda891ac0f832a,huggingface/transformers#47752,1133f1d9399ec48482a1957aa0a38e4c823425e6a698e18a0b99f9d67574acfe,,unknown,title_body,,https://github.com/huggingface/transformers/issues/47752,,,,,,unreviewed
415bc68c4c78c77f,T-S2:A_ko_symptom,5d626107a9e2326d53333a4c4cca170ca70df744b62bb2a3d82f47870dde3c09,huggingface/transformers#48826,8a7ecd0c859c9e776f05e364572ae88479431a1c1f9402a57bb6b390c1a0c2d3,,unknown,title_body,,https://github.com/huggingface/transformers/issues/48826,,,,,,unreviewed
39921fb4640c9141,O-C2:B_ko_context,884d34da7ae91a0acf8f0667333094ce69a7e9c5a2797832db4ac1de6fb25203,opencv/opencv#28512,1f5b83d01b3e0a073d8a6b4ad204f729ddec5edf302666ee2b674ee46dfd3946,,unknown,title_body,,https://github.com/opencv/opencv/issues/28512,,,,,,unreviewed
c1b998fa01afb5d6,T-E2:C_en_context,4f992f47b75ffacfcf6e443adbea9ed36f26cef591cd8a73ecf3ac29b98c7d96,huggingface/transformers#48307,6875335bc37976416443dd3788c1a525e64a9e12fce65b2a95a446f3913511db,,unknown,title_body,,https://github.com/huggingface/transformers/issues/48307,,,,,,unreviewed
e746ec4eeecf598e,O-S2:A_ko_symptom,3d7117850fe9ddf202bab25cb60a4b6f1d1f0a246d7004cce3122016657fa90f,opencv/opencv#30090,39eb2539ff06ebd7366fedfde944ba48e5e5f6c8e7ea45917012f4df0a5b4cb6,,unknown,title_body,,https://github.com/opencv/opencv/issues/30090,,,,,,unreviewed
f46113e6a3de0683,T-C2:B_ko_context,c361660e90d5a1990ed281862ad5d3f3468f18d68f0e9a6ab479a3281f595f33,huggingface/transformers#47914,b992f9ab6e3751ed8c3975c99ac0bd02aa0aee27a9c443969bb1975623aa92d0,,unknown,title_body,,https://github.com/huggingface/transformers/issues/47914,,,,,,unreviewed
778f0c41b2c38658,O-S2:B_ko_context,51727030ad0700bc0f5b036121eabb0f83c1279cc57992cc733f74f6e31374b1,opencv/opencv#29593,79d26b722f3fe8a2a82bd606a6a2a038fe0c24ad81bf02e320a4d922cb061615,,unknown,title_body,,https://github.com/opencv/opencv/issues/29593,,,,,,unreviewed
6090c8e735884b2f,O-C1:B_ko_context,8ed66576a8d0e0c8aad8a9198553949ef6b2cb6079bcce397589e78eac36b6e1,opencv/opencv#30017,6d18e867d1df9f6b9a98be1a3d0e56f5cb7ff83c58b99cb608570f521a863411,,unknown,title_body,,https://github.com/opencv/opencv/issues/30017,,,,,,unreviewed
af18c093ac95771c,T-S1:A_ko_symptom,1dd2898b136f6a3b5507666596321c30540d2f237761bfe5d4fda891ac0f832a,huggingface/transformers#48057,a766391260a4ab6fd084317647749c5bee972d62dec05935a5fafd1592d4fa77,,unknown,title_body,,https://github.com/huggingface/transformers/issues/48057,,,,,,unreviewed
61b0be5c8a5e9715,T-E2:A_ko_symptom,dcd3313fe25cc06d6aad51b62fe53ed594d3f72fe73f875de8556e0fa969234a,huggingface/transformers#48862,bf443354a4060244939491f42511f7f8466f207e7058340f0f0dc066cfe38fe4,,unknown,title_body,,https://github.com/huggingface/transformers/issues/48862,,,,,,unreviewed
6d7c6ddc475cacf7,O-S2:A_ko_symptom,3d7117850fe9ddf202bab25cb60a4b6f1d1f0a246d7004cce3122016657fa90f,opencv/opencv#28382,85857c53af5bf84de29adc092d28aeb884c296afe6c0172d3b177c59dcf6d4d2,,unknown,title_body,,https://github.com/opencv/opencv/issues/28382,,,,,,unreviewed
39c228fde764a64a,O-S2:C_en_context,b5f1cd755c213858d7338b9209d617d9f1741c2f749f8584fd459bdcdeb851ca,opencv/opencv#28321,82b9a5d386a309d9991e74f76eb2db10cbe96c85379aad5586f21bd670645efc,,unknown,title_body,,https://github.com/opencv/opencv/issues/28321,,,,,,unreviewed
19426f71eeb3c168,O-E2:A_ko_symptom,f1385d42aeb2bd224b9d384b2895c9c0105ff556297983fb38508312ffe9ddbc,opencv/opencv#28525,a5159d809a36c4374f2520277dc00517e66f2a59e1c30cacf8a23f9deb38f36f,,unknown,title_body,,https://github.com/opencv/opencv/issues/28525,,,,,,unreviewed
48f065cd90a3e168,O-S1:B_ko_context,8ad9a8815f4900e9b856c5b64f9f6258ab3e4882de0fa4bd1c69c510422895c7,opencv/opencv#28383,56031b530319e05870b038b53d6fe1e55fdaa30713ad6388df52f1dca6de20dc,,unknown,title_body,,https://github.com/opencv/opencv/issues/28383,,,,,,unreviewed
8d4fbfc02a553754,T-S2:B_ko_context,27476b92ccd392cc10227a7376f46100c84ed67e64645d94a84f8965a6ac0dc6,huggingface/transformers#48349,bd39a8ba34bbf70a0df972f511dc9b3bfe02fc58cf771950cfa188c4a3788d1a,,unknown,title_body,,https://github.com/huggingface/transformers/issues/48349,,,,,,unreviewed
d62b46b8f0374934,O-C2:C_en_context,59f567cc3d63ea625db722d6e27ba9ad376beb6edbb0b42859175bd3721acae5,opencv/opencv#28953,cce3afe1b32d3ea183f5ceb784c7cf6c774383bb681d295ff9cb5034f7eda331,,unknown,title_body,,https://github.com/opencv/opencv/issues/28953,,,,,,unreviewed
52095067b9efd1c0,T-E2:C_en_context,4f992f47b75ffacfcf6e443adbea9ed36f26cef591cd8a73ecf3ac29b98c7d96,huggingface/transformers#47766,073109922048ea4d27ec46705c7e1059bd3e37e12b34d641ca4539a853115dd8,,unknown,title_body,,https://github.com/huggingface/transformers/issues/47766,,,,,,unreviewed
c5bd0df793da3d73,O-E1:C_en_context,f1f8a981698c11c09d2b894fb9ad4857b201c534532ef9a78af96e4195b85f71,opencv/opencv#29350,d062fdcf9e3c435c2d0e3be7ca3658b2daa22c3651d5eef26ae1251f7ab08022,,unknown,title_body,,https://github.com/opencv/opencv/issues/29350,,,,,,unreviewed
7a1290247b8d001a,T-S1:A_ko_symptom,1dd2898b136f6a3b5507666596321c30540d2f237761bfe5d4fda891ac0f832a,huggingface/transformers#47721,836300bbc3703bd99b7b77dfb61c538113626de4d8cf10522a709b59c5bf58b0,,unknown,title_body,,https://github.com/huggingface/transformers/issues/47721,,,,,,unreviewed
de43d01d651c3c0e,O-S2:B_ko_context,51727030ad0700bc0f5b036121eabb0f83c1279cc57992cc733f74f6e31374b1,opencv/opencv#29705,02996bb0d1a7b705b02d0f5ed9c5750f9b56939f8058a9d5e69c23ec238dcc9b,,unknown,title_body,,https://github.com/opencv/opencv/issues/29705,,,,,,unreviewed
eeb59cf106f00122,O-S2:B_ko_context,51727030ad0700bc0f5b036121eabb0f83c1279cc57992cc733f74f6e31374b1,opencv/opencv#29694,a1a6c22d9b90092ef375beb60fa5c4dbac8ac4f5ed45d9d54a987717b198ea09,,unknown,title_body,,https://github.com/opencv/opencv/issues/29694,,,,,,unreviewed
901f505c9c6466da,T-E2:A_ko_symptom,dcd3313fe25cc06d6aad51b62fe53ed594d3f72fe73f875de8556e0fa969234a,huggingface/transformers#48837,9f1648cde21f8b1d2e927bdef93055127850913101b8b93dca19b6f330da52c9,,unknown,title_body,,https://github.com/huggingface/transformers/issues/48837,,,,,,unreviewed
9d110854325e1bd7,O-E1:C_en_context,f1f8a981698c11c09d2b894fb9ad4857b201c534532ef9a78af96e4195b85f71,opencv/opencv#28597,dfa1c5a62196dea5ed375a11aac02b984ad697dfd9bed705afc4637eb8f2e425,,unknown,title_body,,https://github.com/opencv/opencv/issues/28597,,,,,,unreviewed
ba478c771d923a62,T-C1:A_ko_symptom,8a09a59f56a9590f1c32248ef97fc824daf10ac11871a46ad75148180a00f35b,huggingface/transformers#48703,1a6833b46ada94b6e3f316813a270d7a6a682b4f98386c8259a83b551b4e12f1,,unknown,title_body,,https://github.com/huggingface/transformers/issues/48703,,,,,,unreviewed
6391c6581d8aad9a,O-C2:B_ko_context,884d34da7ae91a0acf8f0667333094ce69a7e9c5a2797832db4ac1de6fb25203,opencv/opencv#29435,fb3b11f4fc292bc8d87e6e3fe40a817c3ca30f872d32b0e829f1f3135eea92bf,,unknown,title_body,,https://github.com/opencv/opencv/issues/29435,,,,,,unreviewed
33076d688694a015,T-C1:B_ko_context,9971a350ad4b6cd8a46a06c19fb42891b09aced5ff4c485a09e14e60397248ba,huggingface/transformers#48501,aa30df8f51025c5400a0d56ee7e944dccf1f700c5a8fe88ff5a020677ed41d21,,unknown,title_body,,https://github.com/huggingface/transformers/issues/48501,,,,,,unreviewed
8a1f2548b9d6369b,O-S1:B_ko_context,8ad9a8815f4900e9b856c5b64f9f6258ab3e4882de0fa4bd1c69c510422895c7,opencv/opencv#29652,8ea01557deda3bb1317c2bb91c8863388f3bbacf36e11c1c97fc5b7d22e99864,,unknown,title_body,,https://github.com/opencv/opencv/issues/29652,,,,,,unreviewed
2e997efb0ecfd537,T-S1:A_ko_symptom,1dd2898b136f6a3b5507666596321c30540d2f237761bfe5d4fda891ac0f832a,huggingface/transformers#47822,43d819e20da18bf5162d93127b2ea4123a0b03ba962a80e576019b304767b859,,unknown,title_body,,https://github.com/huggingface/transformers/issues/47822,,,,,,unreviewed
3a4b5155eaee11ca,T-S1:A_ko_symptom,1dd2898b136f6a3b5507666596321c30540d2f237761bfe5d4fda891ac0f832a,huggingface/transformers#47337,ec6ab4fc639e2c4147d5497c6e27cbd8c0a294c9c4e319d9dace4e91b60c1372,,unknown,title_body,,https://github.com/huggingface/transformers/issues/47337,,,,,,unreviewed
8d2323a2a08c4c2a,O-C1:A_ko_symptom,74965f96ab82544b1390f5338587b1afff0001727f09c9465834f77db98eacba,opencv/opencv#28784,2b355044213230937cf2ec7cc6045be1823c02a55a9a5e4bba34d543c46ab3d1,,unknown,title_body,,https://github.com/opencv/opencv/issues/28784,,,,,,unreviewed
f855a597748c1f7d,T-E2:B_ko_context,97ce418c2efeb738502464c3e2ea7f7e192d3f0bc0b597c6bc9ca55a910b1744,huggingface/transformers#48964,24ca0f398a5e4081992fe07c36fc57dd6b935e927ea76f079bbff32cee1a9f87,,unknown,title_body,,https://github.com/huggingface/transformers/issues/48964,,,,,,unreviewed
95620de9bc4e4fb9,O-C2:C_en_context,59f567cc3d63ea625db722d6e27ba9ad376beb6edbb0b42859175bd3721acae5,opencv/opencv#28512,1f5b83d01b3e0a073d8a6b4ad204f729ddec5edf302666ee2b674ee46dfd3946,,unknown,title_body,,https://github.com/opencv/opencv/issues/28512,,,,,,unreviewed
28381919c0a2d685,T-E2:C_en_context,4f992f47b75ffacfcf6e443adbea9ed36f26cef591cd8a73ecf3ac29b98c7d96,huggingface/transformers#48312,e5de6dbdf7433dcf2b7d3c1ce449e46d5952cd0eecf66aa1a5037894c28ea318,,unknown,title_body,,https://github.com/huggingface/transformers/issues/48312,,,,,,unreviewed
45bc10b681f4d868,T-C1:B_ko_context,9971a350ad4b6cd8a46a06c19fb42891b09aced5ff4c485a09e14e60397248ba,huggingface/transformers#48693,de5e6c3d9265a96014550689f16e7aac3e61dc36bbd8c4182b679a3734bcd77b,,unknown,title_body,,https://github.com/huggingface/transformers/issues/48693,,,,,,unreviewed
5228ea8feaf92b16,T-E2:A_ko_symptom,dcd3313fe25cc06d6aad51b62fe53ed594d3f72fe73f875de8556e0fa969234a,huggingface/transformers#48757,7e087efa6303792bf7cdeab4404680b44d20007d5222b140dad16a9a8914c1e7,,unknown,title_body,,https://github.com/huggingface/transformers/issues/48757,,,,,,unreviewed
5a443e386431d3b3,T-E2:A_ko_symptom,dcd3313fe25cc06d6aad51b62fe53ed594d3f72fe73f875de8556e0fa969234a,huggingface/transformers#47917,60d4fe3f9e13071d4394526a35bdec30d7dda0966d5f8d4de21b43e1302ea803,,unknown,title_body,,https://github.com/huggingface/transformers/issues/47917,,,,,,unreviewed
1fcb75273a11b1c9,O-S1:B_ko_context,8ad9a8815f4900e9b856c5b64f9f6258ab3e4882de0fa4bd1c69c510422895c7,opencv/opencv#29692,e8c16d80d3c6eb5db5d9516e29a9ee2f85d0c47cc8ea390ccaad5c0c97631e2b,,unknown,title_body,,https://github.com/opencv/opencv/issues/29692,,,,,,unreviewed
557d35b50657cf1a,O-E2:A_ko_symptom,f1385d42aeb2bd224b9d384b2895c9c0105ff556297983fb38508312ffe9ddbc,opencv/opencv#29540,0b39f39036e9bdf2104be5b97e6ed1718029838b6cc9cbecf55f2f1e12b39225,,unknown,title_body,,https://github.com/opencv/opencv/issues/29540,,,,,,unreviewed
dfd888bbd6aae630,T-S2:B_ko_context,27476b92ccd392cc10227a7376f46100c84ed67e64645d94a84f8965a6ac0dc6,huggingface/transformers#48718,470465ea1f60935f61c1b01801419d18a8f63965eed7412439abe62b089dfcce,,unknown,title_body,,https://github.com/huggingface/transformers/issues/48718,,,,,,unreviewed
6d29c0b2ada40d10,T-S1:A_ko_symptom,1dd2898b136f6a3b5507666596321c30540d2f237761bfe5d4fda891ac0f832a,huggingface/transformers#48887,d35af73aa1fb993293f8aa700d5fcfc88c01d1d87bd3f49e69db5ec9359c44f1,,unknown,title_body,,https://github.com/huggingface/transformers/issues/48887,,,,,,unreviewed
b279f71f43c6a29f,O-C1:C_en_context,a75ef6d20c688c91395b5ff5f270f91f1a17ee8b827fe8db5cc466c2edc39ae6,opencv/opencv#28638,0915747055f2e70ac562af1ba1418ac3031ab4906141f29d1496aa95d61ce2f2,,unknown,title_body,,https://github.com/opencv/opencv/issues/28638,,,,,,unreviewed
09cc05cffac9761f,O-C2:C_en_context,59f567cc3d63ea625db722d6e27ba9ad376beb6edbb0b42859175bd3721acae5,opencv/opencv#28028,1bf204dd21c45bc4e44fbd4bd5e19cbb3f66434f61344bf107c53e921b6f1e21,,unknown,title_body,,https://github.com/opencv/opencv/issues/28028,,,,,,unreviewed
68b12f6ace7a3a45,O-S1:A_ko_symptom,a340a4d4640ab711a7d407a1b04b58b45063a2ee2080359b296ec7ba7eaae09c,opencv/opencv#28382,85857c53af5bf84de29adc092d28aeb884c296afe6c0172d3b177c59dcf6d4d2,,unknown,title_body,,https://github.com/opencv/opencv/issues/28382,,,,,,unreviewed
b6a3c64579596630,T-C1:A_ko_symptom,8a09a59f56a9590f1c32248ef97fc824daf10ac11871a46ad75148180a00f35b,huggingface/transformers#47530,810683f1c27ee62bdb3361c1293e1e631e4049231a7007ad3265cbb5e537369b,,unknown,title_body,,https://github.com/huggingface/transformers/issues/47530,,,,,,unreviewed
499511df0059e37f,O-S2:B_ko_context,51727030ad0700bc0f5b036121eabb0f83c1279cc57992cc733f74f6e31374b1,opencv/opencv#28904,4060a5dcfc09eaba85fe85f358abe6248f3e3dab3a6063064ca50532bf966a27,,unknown,title_body,,https://github.com/opencv/opencv/issues/28904,,,,,,unreviewed
9118985aa4dfa0cc,O-C1:C_en_context,a75ef6d20c688c91395b5ff5f270f91f1a17ee8b827fe8db5cc466c2edc39ae6,opencv/opencv#30017,6d18e867d1df9f6b9a98be1a3d0e56f5cb7ff83c58b99cb608570f521a863411,,unknown,title_body,,https://github.com/opencv/opencv/issues/30017,,,,,,unreviewed
edce506ed3c6298c,T-S1:A_ko_symptom,1dd2898b136f6a3b5507666596321c30540d2f237761bfe5d4fda891ac0f832a,huggingface/transformers#49026,8919caa8c43ee627410e2f9497747e4543260878d95800d7da42f9b5becb7f19,,unknown,title_body,,https://github.com/huggingface/transformers/issues/49026,,,,,,unreviewed
b0a8d41aeaf877de,O-E1:C_en_context,f1f8a981698c11c09d2b894fb9ad4857b201c534532ef9a78af96e4195b85f71,opencv/opencv#29292,dcb25364d2f142118d7a96bdcf956fbb41f00541a5b7ef593ab7bc59d5b39b40,,unknown,title_body,,https://github.com/opencv/opencv/issues/29292,,,,,,unreviewed
f55db7f43547c394,O-S2:B_ko_context,51727030ad0700bc0f5b036121eabb0f83c1279cc57992cc733f74f6e31374b1,opencv/opencv#29072,92589554d20b45c6ac2e56a3acca3ad05effb4e7922f922a616f6a629f6dd25e,,unknown,title_body,,https://github.com/opencv/opencv/issues/29072,,,,,,unreviewed
3404c87ea0f54894,O-S2:B_ko_context,51727030ad0700bc0f5b036121eabb0f83c1279cc57992cc733f74f6e31374b1,opencv/opencv#28241,253f8cb7b79d4c71a3e7c072243c37c5c01cb7a1b3e0fa7bec1d0a016be29bff,,unknown,title_body,,https://github.com/opencv/opencv/issues/28241,,,,,,unreviewed
f2a4009b8ac2cd1f,T-C2:A_ko_symptom,bc3574a284c83fd6a8e09b3dd237a195c53c7e781f374c1be41616523d4f016a,huggingface/transformers#49193,6263e935f8fd626d03ca0d8109108ef794c7ec9ab8adf6898ac6b5c2f1e5ae25,,unknown,title_body,,https://github.com/huggingface/transformers/issues/49193,,,,,,unreviewed
9114ddcb372c1dbc,O-E2:B_ko_context,dbb67fde588978c493a177b12b28643d394165fcb9fd40c26d3a42a3f1bd85aa,opencv/opencv#28766,454dc799fbf9ac487958cb3ec194021374196d3c30d90780bf7c61aec14544ea,,unknown,title_body,,https://github.com/opencv/opencv/issues/28766,,,,,,unreviewed
f228d885844690ca,O-S2:C_en_context,b5f1cd755c213858d7338b9209d617d9f1741c2f749f8584fd459bdcdeb851ca,opencv/opencv#29694,a1a6c22d9b90092ef375beb60fa5c4dbac8ac4f5ed45d9d54a987717b198ea09,,unknown,title_body,,https://github.com/opencv/opencv/issues/29694,,,,,,unreviewed
5d38e735c406d526,O-S2:B_ko_context,51727030ad0700bc0f5b036121eabb0f83c1279cc57992cc733f74f6e31374b1,opencv/opencv#29637,6010c321b2bb3ac719fdae3aa0031d093d2e0dbb6ab3d969fb8534cbf70b6afe,,unknown,title_body,,https://github.com/opencv/opencv/issues/29637,,,,,,unreviewed
180f18b70750985a,T-C1:B_ko_context,9971a350ad4b6cd8a46a06c19fb42891b09aced5ff4c485a09e14e60397248ba,huggingface/transformers#47914,b992f9ab6e3751ed8c3975c99ac0bd02aa0aee27a9c443969bb1975623aa92d0,,unknown,title_body,,https://github.com/huggingface/transformers/issues/47914,,,,,,unreviewed
8f09990fa422b19c,T-C2:A_ko_symptom,bc3574a284c83fd6a8e09b3dd237a195c53c7e781f374c1be41616523d4f016a,huggingface/transformers#49066,013e4a822f53a78c66018933cb6d88d9199155e0aa95767247320829c2be84e4,,unknown,title_body,,https://github.com/huggingface/transformers/issues/49066,,,,,,unreviewed
0b8f809057b80036,T-E2:B_ko_context,97ce418c2efeb738502464c3e2ea7f7e192d3f0bc0b597c6bc9ca55a910b1744,huggingface/transformers#47436,d074a967db449abefaea079af5b7d1980aaa24ca979a280e58cebcccb623c2f2,,unknown,title_body,,https://github.com/huggingface/transformers/issues/47436,,,,,,unreviewed
354a76223c7b37de,O-S1:B_ko_context,8ad9a8815f4900e9b856c5b64f9f6258ab3e4882de0fa4bd1c69c510422895c7,opencv/opencv#28438,ced261647b6444256587f9b0c177dfec3ccf46a2d39e848ef1a3490c18c2e9b5,,unknown,title_body,,https://github.com/opencv/opencv/issues/28438,,,,,,unreviewed
2af338a7ffb3c638,T-C2:B_ko_context,c361660e90d5a1990ed281862ad5d3f3468f18d68f0e9a6ab479a3281f595f33,huggingface/transformers#48690,383fd76ee9fab55459c1f6f6b7bff60138b4b7791e9f15f550c996023cb9ee2b,,unknown,title_body,,https://github.com/huggingface/transformers/issues/48690,,,,,,unreviewed
fe13bdf7678700bf,T-C2:C_en_context,191f26d45dbb809ee00ac1fcde1768ed8c1677775325637760163d8d8f192c1f,huggingface/transformers#48315,5e213039d9ade4c15cb3cb52f3b77b18f2408cee890e5a48859a6ef2c9521110,,unknown,title_body,,https://github.com/huggingface/transformers/issues/48315,,,,,,unreviewed
0045e73f55b1c5d0,T-S1:B_ko_context,64c8b60e9d51a7521bee4655c821bfaf9694277f2f78ab3aaa69f46937153478,huggingface/transformers#48039,04198eb7fd3fb0ca95c68f1f1ce712ead28ddcd38183c1f6b880acca14e6a20a,,unknown,title_body,,https://github.com/huggingface/transformers/issues/48039,,,,,,unreviewed
85e6df76af4aa92c,T-S2:C_en_context,65f2530d16787c27f07cc3ff2fb740be85d24cd3b49b13336a5af13f75fc7cfe,huggingface/transformers#47407,cbea870ada5f883ff45a99c5eada26ac580165a9f54857aff119d307fcf38c7f,,unknown,title_body,,https://github.com/huggingface/transformers/issues/47407,,,,,,unreviewed
173dd4219a4e44fe,T-E1:C_en_context,e02f041f9cce25daa8b00b80bcf233110a114e299b77e08207338570c41e8aa3,huggingface/transformers#48964,24ca0f398a5e4081992fe07c36fc57dd6b935e927ea76f079bbff32cee1a9f87,,unknown,title_body,,https://github.com/huggingface/transformers/issues/48964,,,,,,unreviewed
a822ca58cfb8bdc4,O-S2:C_en_context,b5f1cd755c213858d7338b9209d617d9f1741c2f749f8584fd459bdcdeb851ca,opencv/opencv#29279,30235e985f1a55a249da099d967347c30d5c0fd051fda295b51e1e126d78a098,,unknown,title_body,,https://github.com/opencv/opencv/issues/29279,,,,,,unreviewed
534cbc4ba16e69aa,T-C2:A_ko_symptom,bc3574a284c83fd6a8e09b3dd237a195c53c7e781f374c1be41616523d4f016a,huggingface/transformers#49121,6f56f21e6198d119833d6bb8b9f5dd6f8031aac8604eed83f24ac5c6428b2fa4,,unknown,title_body,,https://github.com/huggingface/transformers/issues/49121,,,,,,unreviewed
76877d4ebee8b98f,O-E1:A_ko_symptom,c61f16ced5a9fb5874959769397cff94a19cac84981d037be27a968c4c81046d,opencv/opencv#29350,d062fdcf9e3c435c2d0e3be7ca3658b2daa22c3651d5eef26ae1251f7ab08022,,unknown,title_body,,https://github.com/opencv/opencv/issues/29350,,,,,,unreviewed
789e48998bb85b4f,T-E2:A_ko_symptom,dcd3313fe25cc06d6aad51b62fe53ed594d3f72fe73f875de8556e0fa969234a,huggingface/transformers#47455,638ed20987b43e1abe3331c5f3c2f05a19c45c35e101039c28508efa2a294ac8,,unknown,title_body,,https://github.com/huggingface/transformers/issues/47455,,,,,,unreviewed
2b3238cdbd679717,T-E2:B_ko_context,97ce418c2efeb738502464c3e2ea7f7e192d3f0bc0b597c6bc9ca55a910b1744,huggingface/transformers#48312,e5de6dbdf7433dcf2b7d3c1ce449e46d5952cd0eecf66aa1a5037894c28ea318,,unknown,title_body,,https://github.com/huggingface/transformers/issues/48312,,,,,,unreviewed
b4454a72e008b510,O-E1:C_en_context,f1f8a981698c11c09d2b894fb9ad4857b201c534532ef9a78af96e4195b85f71,opencv/opencv#29308,b35c05fc09c0ef89475feaf0cde794e8d8b02f774f776bd44e10476d8e849c39,,unknown,title_body,,https://github.com/opencv/opencv/issues/29308,,,,,,unreviewed
415035dae0d42184,O-C1:A_ko_symptom,74965f96ab82544b1390f5338587b1afff0001727f09c9465834f77db98eacba,opencv/opencv#29880,dc91b8889888aae1e57d7bae1b483e6b27e63e0008d4164a9f9b8f45ebfe4c27,,unknown,title_body,,https://github.com/opencv/opencv/issues/29880,,,,,,unreviewed
5d955e3f433d809a,T-E2:C_en_context,4f992f47b75ffacfcf6e443adbea9ed36f26cef591cd8a73ecf3ac29b98c7d96,huggingface/transformers#48479,30ed2fdc4a1ca2f3e1f54d1b86ca600b4d55f8cfbbc848f6853b02064147c5b7,,unknown,title_body,,https://github.com/huggingface/transformers/issues/48479,,,,,,unreviewed
374542586a6afe84,T-C2:C_en_context,191f26d45dbb809ee00ac1fcde1768ed8c1677775325637760163d8d8f192c1f,huggingface/transformers#48285,b337d9249adea7033b650b925060f8653b7396f95177ea639e62f45e8fef0752,,unknown,title_body,,https://github.com/huggingface/transformers/issues/48285,,,,,,unreviewed
dc1c5642f94288e3,T-C1:B_ko_context,9971a350ad4b6cd8a46a06c19fb42891b09aced5ff4c485a09e14e60397248ba,huggingface/transformers#48241,ded5e9f11a4088666ce392e419fba920856704ce00d3fa565cd79532e8bb2e30,,unknown,title_body,,https://github.com/huggingface/transformers/issues/48241,,,,,,unreviewed
92827c66bc7ce846,T-C1:C_en_context,eb4690319aec18202bef4832c0c922c7394983d5f36aa7df4269a70994b809e8,huggingface/transformers#47914,b992f9ab6e3751ed8c3975c99ac0bd02aa0aee27a9c443969bb1975623aa92d0,,unknown,title_body,,https://github.com/huggingface/transformers/issues/47914,,,,,,unreviewed
b8381952210354f2,T-E1:B_ko_context,af17c35898fef9b353bcdeebcfe4ded264e59d0cb9d8b6de336053e97285f2c6,huggingface/transformers#49051,69230b79d5ed500785962b2babfb627b896f315fa23232e213615fd72aee93ba,,unknown,title_body,,https://github.com/huggingface/transformers/issues/49051,,,,,,unreviewed
8f72f714630fc26f,O-S1:C_en_context,6c2dedf66feba80798f8f0bc856584dfcedc5f7f59588ba8ea7a77783027e0d0,opencv/opencv#30110,38ac79bed9fc38cfadb67a3da1170a4b776e456d44f0550e6383659fcab7ce52,,unknown,title_body,,https://github.com/opencv/opencv/issues/30110,,,,,,unreviewed
4eb7b39732834ef4,O-C2:C_en_context,59f567cc3d63ea625db722d6e27ba9ad376beb6edbb0b42859175bd3721acae5,opencv/opencv#29699,4c17579cd749199f5cd27b9d75d176676ab5db31abc8ec170abe02a4e5f0dd1c,,unknown,title_body,,https://github.com/opencv/opencv/issues/29699,,,,,,unreviewed
898fb387dec7ea7c,T-E2:B_ko_context,97ce418c2efeb738502464c3e2ea7f7e192d3f0bc0b597c6bc9ca55a910b1744,huggingface/transformers#48690,383fd76ee9fab55459c1f6f6b7bff60138b4b7791e9f15f550c996023cb9ee2b,,unknown,title_body,,https://github.com/huggingface/transformers/issues/48690,,,,,,unreviewed
2ea801400627b335,T-C2:B_ko_context,c361660e90d5a1990ed281862ad5d3f3468f18d68f0e9a6ab479a3281f595f33,huggingface/transformers#48315,5e213039d9ade4c15cb3cb52f3b77b18f2408cee890e5a48859a6ef2c9521110,,unknown,title_body,,https://github.com/huggingface/transformers/issues/48315,,,,,,unreviewed
88d506be2720126b,O-S1:A_ko_symptom,a340a4d4640ab711a7d407a1b04b58b45063a2ee2080359b296ec7ba7eaae09c,opencv/opencv#28046,cc70a3abf928e4fc5892f0fa591dedd7a23b746f095b5bc34b4ad3b333ddcbb8,,unknown,title_body,,https://github.com/opencv/opencv/issues/28046,,,,,,unreviewed
f8db481a0a5dc8ab,O-S1:A_ko_symptom,a340a4d4640ab711a7d407a1b04b58b45063a2ee2080359b296ec7ba7eaae09c,opencv/opencv#29565,9846d4ccc31385e562fcc1dba99b738ae64d0672d8b50ae78b146ad6aa23f8e5,,unknown,title_body,,https://github.com/opencv/opencv/issues/29565,,,,,,unreviewed
88af614dde097b6b,T-E2:B_ko_context,97ce418c2efeb738502464c3e2ea7f7e192d3f0bc0b597c6bc9ca55a910b1744,huggingface/transformers#48346,9d9102023c8a4eec0877e9d685ad54c5035a30e54d1cb5cca40c727361403a0b,,unknown,title_body,,https://github.com/huggingface/transformers/issues/48346,,,,,,unreviewed
03b838a3f469bc66,T-S2:B_ko_context,27476b92ccd392cc10227a7376f46100c84ed67e64645d94a84f8965a6ac0dc6,huggingface/transformers#48050,f1d21599934e1bf32436be8cd081574809aaf091db965ffa885826828a3d608a,,unknown,title_body,,https://github.com/huggingface/transformers/issues/48050,,,,,,unreviewed
371cc9e89f96a419,T-S1:B_ko_context,64c8b60e9d51a7521bee4655c821bfaf9694277f2f78ab3aaa69f46937153478,huggingface/transformers#48967,52e14dc426ea14999a37e3421afca604a27baae409dd0a2cda6bceb9afd75990,,unknown,title_body,,https://github.com/huggingface/transformers/issues/48967,,,,,,unreviewed
1f96012af2505ce2,T-E1:A_ko_symptom,8dc9273a2cb0d3313ec05d6cc9777473768336e1747a7878bcb818ec5f5a0494,huggingface/transformers#48501,aa30df8f51025c5400a0d56ee7e944dccf1f700c5a8fe88ff5a020677ed41d21,,unknown,title_body,,https://github.com/huggingface/transformers/issues/48501,,,,,,unreviewed
63a01e81f366969e,T-E2:A_ko_symptom,dcd3313fe25cc06d6aad51b62fe53ed594d3f72fe73f875de8556e0fa969234a,huggingface/transformers#48240,0a63159299acc309c90de370351a097675e621f01e760a1c378fd22ecc16b232,,unknown,title_body,,https://github.com/huggingface/transformers/issues/48240,,,,,,unreviewed
959b61a0535e9d4e,O-E1:C_en_context,f1f8a981698c11c09d2b894fb9ad4857b201c534532ef9a78af96e4195b85f71,opencv/opencv#29564,637022b7f908cefd2ac17f6f0718c6d703ab9f5fa0c35079da3e7d3c35c34c82,,unknown,title_body,,https://github.com/opencv/opencv/issues/29564,,,,,,unreviewed
6c5c14a7b9597a3f,T-C1:B_ko_context,9971a350ad4b6cd8a46a06c19fb42891b09aced5ff4c485a09e14e60397248ba,huggingface/transformers#48392,ad1551f5a903908f1d52dd82ed146a20919b4c4aca2d1e995bc651f9bc58b0ad,,unknown,title_body,,https://github.com/huggingface/transformers/issues/48392,,,,,,unreviewed
b8e271d67861c4c5,T-S2:C_en_context,65f2530d16787c27f07cc3ff2fb740be85d24cd3b49b13336a5af13f75fc7cfe,huggingface/transformers#49094,068e199f4713accf773af9c59eb39d1220cab53c582925e64cb5a18fde42d77a,,unknown,title_body,,https://github.com/huggingface/transformers/issues/49094,,,,,,unreviewed
97a523d791d55426,T-E2:B_ko_context,97ce418c2efeb738502464c3e2ea7f7e192d3f0bc0b597c6bc9ca55a910b1744,huggingface/transformers#49190,767576887075131fe0dc4cc657b347900d359b80931c1630399ca018c437f54c,,unknown,title_body,,https://github.com/huggingface/transformers/issues/49190,,,,,,unreviewed
2a5184d590164115,T-E1:A_ko_symptom,8dc9273a2cb0d3313ec05d6cc9777473768336e1747a7878bcb818ec5f5a0494,huggingface/transformers#47879,7ef5e8df30c34463ef196ba278e406442614b9ffdc653f9486b9c7564779d41e,,unknown,title_body,,https://github.com/huggingface/transformers/issues/47879,,,,,,unreviewed
29eb059a1711aa8b,T-C2:C_en_context,191f26d45dbb809ee00ac1fcde1768ed8c1677775325637760163d8d8f192c1f,huggingface/transformers#48805,9a6cbb93d6a9f4cf70ba58994c15985c2af9e3fbd479f14471ae1c4daf0f7cba,,unknown,title_body,,https://github.com/huggingface/transformers/issues/48805,,,,,,unreviewed
57d4767bc9945e49,O-S2:A_ko_symptom,3d7117850fe9ddf202bab25cb60a4b6f1d1f0a246d7004cce3122016657fa90f,opencv/opencv#29072,92589554d20b45c6ac2e56a3acca3ad05effb4e7922f922a616f6a629f6dd25e,,unknown,title_body,,https://github.com/opencv/opencv/issues/29072,,,,,,unreviewed
ec4e5cf8478d9ccc,T-E2:A_ko_symptom,dcd3313fe25cc06d6aad51b62fe53ed594d3f72fe73f875de8556e0fa969234a,huggingface/transformers#48346,9d9102023c8a4eec0877e9d685ad54c5035a30e54d1cb5cca40c727361403a0b,,unknown,title_body,,https://github.com/huggingface/transformers/issues/48346,,,,,,unreviewed
e60e356cac39fe4d,T-E2:B_ko_context,97ce418c2efeb738502464c3e2ea7f7e192d3f0bc0b597c6bc9ca55a910b1744,huggingface/transformers#48240,0a63159299acc309c90de370351a097675e621f01e760a1c378fd22ecc16b232,,unknown,title_body,,https://github.com/huggingface/transformers/issues/48240,,,,,,unreviewed
75d97afb3e15b4cf,O-C1:A_ko_symptom,74965f96ab82544b1390f5338587b1afff0001727f09c9465834f77db98eacba,opencv/opencv#28407,0fbc4bb3419649169539d04599fcb8f76329ab9b2d439af2999a05e6943f8840,,unknown,title_body,,https://github.com/opencv/opencv/issues/28407,,,,,,unreviewed
a3e8b91c69b42d2b,T-C1:C_en_context,eb4690319aec18202bef4832c0c922c7394983d5f36aa7df4269a70994b809e8,huggingface/transformers#47875,764beb366481d1343bf554ad942ae1d79bae411fa1bb945ec16620756c4afd8e,,unknown,title_body,,https://github.com/huggingface/transformers/issues/47875,,,,,,unreviewed
95103d55bc052e72,O-S2:C_en_context,b5f1cd755c213858d7338b9209d617d9f1741c2f749f8584fd459bdcdeb851ca,opencv/opencv#29703,c784fd3f53c3cc2b99109e85454b6c9c60cee2d88a77cd86f1fa1fbf65874783,,unknown,title_body,,https://github.com/opencv/opencv/issues/29703,,,,,,unreviewed
f45adf425b9fb290,T-S1:A_ko_symptom,1dd2898b136f6a3b5507666596321c30540d2f237761bfe5d4fda891ac0f832a,huggingface/transformers#47981,6482897b678b215c818c32a19134600633f51578dce70c091748d83c9705adf4,,unknown,title_body,,https://github.com/huggingface/transformers/issues/47981,,,,,,unreviewed
318dfb79fda8fd0f,O-S2:B_ko_context,51727030ad0700bc0f5b036121eabb0f83c1279cc57992cc733f74f6e31374b1,opencv/opencv#30090,39eb2539ff06ebd7366fedfde944ba48e5e5f6c8e7ea45917012f4df0a5b4cb6,,unknown,title_body,,https://github.com/opencv/opencv/issues/30090,,,,,,unreviewed
3eb701fac85b59b1,O-E1:B_ko_context,645807dbe2b0d7744981f2554f3e5688d8395e4014c37bedbfd2cb93be4c4be3,opencv/opencv#28598,e88da28abfb85cc78333e497518d3bf02d2c8dcea632d93bf339325e6f3ff1e8,,unknown,title_body,,https://github.com/opencv/opencv/issues/28598,,,,,,unreviewed
e2579c6aaa6c5a70,O-C1:C_en_context,a75ef6d20c688c91395b5ff5f270f91f1a17ee8b827fe8db5cc466c2edc39ae6,opencv/opencv#28598,e88da28abfb85cc78333e497518d3bf02d2c8dcea632d93bf339325e6f3ff1e8,,unknown,title_body,,https://github.com/opencv/opencv/issues/28598,,,,,,unreviewed
728f3bed962985e8,O-S2:B_ko_context,51727030ad0700bc0f5b036121eabb0f83c1279cc57992cc733f74f6e31374b1,opencv/opencv#28554,92e9f1e2e7e773891c525e5b3333d1c1cab20e75efb5580dc0c65f605ce66a63,,unknown,title_body,,https://github.com/opencv/opencv/issues/28554,,,,,,unreviewed
8f8f9a26dbeabec7,T-C1:C_en_context,eb4690319aec18202bef4832c0c922c7394983d5f36aa7df4269a70994b809e8,huggingface/transformers#48501,aa30df8f51025c5400a0d56ee7e944dccf1f700c5a8fe88ff5a020677ed41d21,,unknown,title_body,,https://github.com/huggingface/transformers/issues/48501,,,,,,unreviewed
b54c83af835c3eb3,T-C2:C_en_context,191f26d45dbb809ee00ac1fcde1768ed8c1677775325637760163d8d8f192c1f,huggingface/transformers#48127,ef9902f0ae1396173aab9c5e16232abe7f14e740648c54f93c77706aafba3243,,unknown,title_body,,https://github.com/huggingface/transformers/issues/48127,,,,,,unreviewed
3724917d3aa90406,O-S2:C_en_context,b5f1cd755c213858d7338b9209d617d9f1741c2f749f8584fd459bdcdeb851ca,opencv/opencv#30046,ba6a6cfb9f2d8366b6e7a726c2c467afa98376f845d578d20084c0509f6981fe,,unknown,title_body,,https://github.com/opencv/opencv/issues/30046,,,,,,unreviewed
0debbbd1938ffc75,O-C1:A_ko_symptom,74965f96ab82544b1390f5338587b1afff0001727f09c9465834f77db98eacba,opencv/opencv#28924,02497db38702774e8ad0861d95cae05ebc814f69384ce3b68c90c5054be588c6,,unknown,title_body,,https://github.com/opencv/opencv/issues/28924,,,,,,unreviewed
0913013bd11e1f17,T-S1:A_ko_symptom,1dd2898b136f6a3b5507666596321c30540d2f237761bfe5d4fda891ac0f832a,huggingface/transformers#48757,7e087efa6303792bf7cdeab4404680b44d20007d5222b140dad16a9a8914c1e7,,unknown,title_body,,https://github.com/huggingface/transformers/issues/48757,,,,,,unreviewed
2997342a8393643e,O-S2:A_ko_symptom,3d7117850fe9ddf202bab25cb60a4b6f1d1f0a246d7004cce3122016657fa90f,opencv/opencv#29452,e0218266799c9615d5230fb76018cf5f4833bddc856ea52103bc479266eca3b1,,unknown,title_body,,https://github.com/opencv/opencv/issues/29452,,,,,,unreviewed
0267c499b15be32e,O-C2:A_ko_symptom,7d4f5c544b177d9afeb26acf52be9c97b0535f8f82b50893cef3440d73baa5c6,opencv/opencv#28953,cce3afe1b32d3ea183f5ceb784c7cf6c774383bb681d295ff9cb5034f7eda331,,unknown,title_body,,https://github.com/opencv/opencv/issues/28953,,,,,,unreviewed
f5e0ac5ec9a3fff2,O-S2:B_ko_context,51727030ad0700bc0f5b036121eabb0f83c1279cc57992cc733f74f6e31374b1,opencv/opencv#29278,9fe1a212204a2ce23afb112a0aeade298ff79bd4bd6a65a9bd543a375e762365,,unknown,title_body,,https://github.com/opencv/opencv/issues/29278,,,,,,unreviewed
4d8c8ca8504af659,O-C2:C_en_context,59f567cc3d63ea625db722d6e27ba9ad376beb6edbb0b42859175bd3721acae5,opencv/opencv#29692,e8c16d80d3c6eb5db5d9516e29a9ee2f85d0c47cc8ea390ccaad5c0c97631e2b,,unknown,title_body,,https://github.com/opencv/opencv/issues/29692,,,,,,unreviewed
b52e04a04c078a71,T-E2:A_ko_symptom,dcd3313fe25cc06d6aad51b62fe53ed594d3f72fe73f875de8556e0fa969234a,huggingface/transformers#48422,ff27bdf0aa10f89e51d79708c382cfb1dbd32639f5a7c7593498ba6e21a8a4cc,,unknown,title_body,,https://github.com/huggingface/transformers/issues/48422,,,,,,unreviewed
877de9341a2d8768,O-S2:A_ko_symptom,3d7117850fe9ddf202bab25cb60a4b6f1d1f0a246d7004cce3122016657fa90f,opencv/opencv#29265,9629f6cdab9b7e00fdcdfced7f1120c83f328b99936b1356e5bb364e68ba459e,,unknown,title_body,,https://github.com/opencv/opencv/issues/29265,,,,,,unreviewed
9ecb41a5e36ffa4f,O-E1:B_ko_context,645807dbe2b0d7744981f2554f3e5688d8395e4014c37bedbfd2cb93be4c4be3,opencv/opencv#29613,179b174ec183964e8076810b280068af677921102a76b1da30e4d203609f2fb1,,unknown,title_body,,https://github.com/opencv/opencv/issues/29613,,,,,,unreviewed
ea19c539c979dc9c,O-S1:B_ko_context,8ad9a8815f4900e9b856c5b64f9f6258ab3e4882de0fa4bd1c69c510422895c7,opencv/opencv#29035,e4d201317d0bcf25d873f332db01d808c2d23e8fa5b4bc344808cb41c08063b7,,unknown,title_body,,https://github.com/opencv/opencv/issues/29035,,,,,,unreviewed
69a610e944e9f8d1,T-S2:C_en_context,65f2530d16787c27f07cc3ff2fb740be85d24cd3b49b13336a5af13f75fc7cfe,huggingface/transformers#48050,f1d21599934e1bf32436be8cd081574809aaf091db965ffa885826828a3d608a,,unknown,title_body,,https://github.com/huggingface/transformers/issues/48050,,,,,,unreviewed
3372516d06f376b8,O-E2:A_ko_symptom,f1385d42aeb2bd224b9d384b2895c9c0105ff556297983fb38508312ffe9ddbc,opencv/opencv#29278,9fe1a212204a2ce23afb112a0aeade298ff79bd4bd6a65a9bd543a375e762365,,unknown,title_body,,https://github.com/opencv/opencv/issues/29278,,,,,,unreviewed
30bfb2b414864563,T-C1:B_ko_context,9971a350ad4b6cd8a46a06c19fb42891b09aced5ff4c485a09e14e60397248ba,huggingface/transformers#48630,bc0be4583f529ebc4e5ef8fcb36a8f003dbbdb9e4abb66167682c882642efb48,,unknown,title_body,,https://github.com/huggingface/transformers/issues/48630,,,,,,unreviewed
697bbe642c84620a,T-C1:C_en_context,eb4690319aec18202bef4832c0c922c7394983d5f36aa7df4269a70994b809e8,huggingface/transformers#48630,bc0be4583f529ebc4e5ef8fcb36a8f003dbbdb9e4abb66167682c882642efb48,,unknown,title_body,,https://github.com/huggingface/transformers/issues/48630,,,,,,unreviewed
52df169235a2e5e5,O-S2:A_ko_symptom,3d7117850fe9ddf202bab25cb60a4b6f1d1f0a246d7004cce3122016657fa90f,opencv/opencv#29278,9fe1a212204a2ce23afb112a0aeade298ff79bd4bd6a65a9bd543a375e762365,,unknown,title_body,,https://github.com/opencv/opencv/issues/29278,,,,,,unreviewed
031c10b5d640f2ba,O-S1:B_ko_context,8ad9a8815f4900e9b856c5b64f9f6258ab3e4882de0fa4bd1c69c510422895c7,opencv/opencv#29699,4c17579cd749199f5cd27b9d75d176676ab5db31abc8ec170abe02a4e5f0dd1c,,unknown,title_body,,https://github.com/opencv/opencv/issues/29699,,,,,,unreviewed
4a2da3af666c41aa,T-S1:C_en_context,385ca67150b9eca22e18923afe0534a9c3b5cd85a1aaec3bb5b4fcd049675130,huggingface/transformers#47530,810683f1c27ee62bdb3361c1293e1e631e4049231a7007ad3265cbb5e537369b,,unknown,title_body,,https://github.com/huggingface/transformers/issues/47530,,,,,,unreviewed
92a864f3c1d83f8a,O-S1:A_ko_symptom,a340a4d4640ab711a7d407a1b04b58b45063a2ee2080359b296ec7ba7eaae09c,opencv/opencv#29576,e3d3bc06f31f2e4e292198d84940fcb7b9a187505191f47dda28ecf74281a4d0,,unknown,title_body,,https://github.com/opencv/opencv/issues/29576,,,,,,unreviewed
238425db04e97d3f,T-C2:B_ko_context,c361660e90d5a1990ed281862ad5d3f3468f18d68f0e9a6ab479a3281f595f33,huggingface/transformers#47332,77ba391a06379b360b33bab2a744855c25a13025b6443ebbb91024005bb12eaf,,unknown,title_body,,https://github.com/huggingface/transformers/issues/47332,,,,,,unreviewed
18fbad8e8d747175,T-E1:A_ko_symptom,8dc9273a2cb0d3313ec05d6cc9777473768336e1747a7878bcb818ec5f5a0494,huggingface/transformers#48703,1a6833b46ada94b6e3f316813a270d7a6a682b4f98386c8259a83b551b4e12f1,,unknown,title_body,,https://github.com/huggingface/transformers/issues/48703,,,,,,unreviewed
9c729df1f61428de,T-S2:A_ko_symptom,5d626107a9e2326d53333a4c4cca170ca70df744b62bb2a3d82f47870dde3c09,huggingface/transformers#49066,013e4a822f53a78c66018933cb6d88d9199155e0aa95767247320829c2be84e4,,unknown,title_body,,https://github.com/huggingface/transformers/issues/49066,,,,,,unreviewed
3dcb08def902f04e,T-C1:B_ko_context,9971a350ad4b6cd8a46a06c19fb42891b09aced5ff4c485a09e14e60397248ba,huggingface/transformers#47534,d049aa64dc924069de4123d8651cc637cb5e04b8a3b860a1fca2cae55c0ac4fe,,unknown,title_body,,https://github.com/huggingface/transformers/issues/47534,,,,,,unreviewed
8aa2c2bac921425c,T-S1:B_ko_context,64c8b60e9d51a7521bee4655c821bfaf9694277f2f78ab3aaa69f46937153478,huggingface/transformers#47993,b95ed5267a4b92fbdc248fa1348f96fb2ba10c00b84e45856c2b6c50bb64384b,,unknown,title_body,,https://github.com/huggingface/transformers/issues/47993,,,,,,unreviewed
d372703f7fe09424,T-E2:C_en_context,4f992f47b75ffacfcf6e443adbea9ed36f26cef591cd8a73ecf3ac29b98c7d96,huggingface/transformers#48556,7c90418129757e31c027668ae10168b10918f9f4feecc2518323c39919525a88,,unknown,title_body,,https://github.com/huggingface/transformers/issues/48556,,,,,,unreviewed
94391262a76697b9,O-C2:B_ko_context,884d34da7ae91a0acf8f0667333094ce69a7e9c5a2797832db4ac1de6fb25203,opencv/opencv#29278,9fe1a212204a2ce23afb112a0aeade298ff79bd4bd6a65a9bd543a375e762365,,unknown,title_body,,https://github.com/opencv/opencv/issues/29278,,,,,,unreviewed
930e44e713b1eadf,O-C1:C_en_context,a75ef6d20c688c91395b5ff5f270f91f1a17ee8b827fe8db5cc466c2edc39ae6,opencv/opencv#28904,4060a5dcfc09eaba85fe85f358abe6248f3e3dab3a6063064ca50532bf966a27,,unknown,title_body,,https://github.com/opencv/opencv/issues/28904,,,,,,unreviewed
6861f2b3699532d0,O-S2:C_en_context,b5f1cd755c213858d7338b9209d617d9f1741c2f749f8584fd459bdcdeb851ca,opencv/opencv#28904,4060a5dcfc09eaba85fe85f358abe6248f3e3dab3a6063064ca50532bf966a27,,unknown,title_body,,https://github.com/opencv/opencv/issues/28904,,,,,,unreviewed
