run_id,query_id,method,scope,doc_id,doc_tokens,doc_chunks,query_chunks,document_chunk,query_chunk,human_span_classification,example_evidence_id,same_example_chunk,full_span_location
O-E1:A_ko_symptom|C_raw|hybrid|core,O-E1:A_ko_symptom,hybrid,C_raw,opencv/opencv#29761,4761,13,1,9,0,,chunkdoc_8917b54528d41b14,True,gitignored frozen parent runs.jsonl
O-E1:A_ko_symptom|C_raw|hybrid|core,O-E1:A_ko_symptom,hybrid,C_raw,opencv/opencv#29763,6397,17,1,13,0,,chunkdoc_99c8bdbb0c70224b,True,gitignored frozen parent runs.jsonl
O-E1:A_ko_symptom|C_raw|hybrid|core,O-E1:A_ko_symptom,hybrid,C_raw,opencv/opencv#28952,2082,6,1,4,0,,chunkdoc_ae6c77487ab7c3db,True,gitignored frozen parent runs.jsonl
O-E1:A_ko_symptom|C_raw|hybrid|core,O-E1:A_ko_symptom,hybrid,C_raw,opencv/opencv#28241,3379,9,1,8,0,,chunkdoc_840d2313298cce94,True,gitignored frozen parent runs.jsonl
O-E1:A_ko_symptom|C_raw|hybrid|core,O-E1:A_ko_symptom,hybrid,C_raw,opencv/opencv#29325,2349,6,1,1,0,,chunkdoc_3871dad78ce8d99d,True,gitignored frozen parent runs.jsonl
O-E1:A_ko_symptom|C_raw|semantic|core,O-E1:A_ko_symptom,semantic,C_raw,opencv/opencv#29278,887,3,1,0,0,,chunkdoc_50e4c4a9cf677e54,True,gitignored frozen parent runs.jsonl
O-E1:A_ko_symptom|C_raw|semantic|core,O-E1:A_ko_symptom,semantic,C_raw,opencv/opencv#29350,1137,3,1,0,0,,chunkdoc_c7eb23560701ec66,True,gitignored frozen parent runs.jsonl
O-E1:A_ko_symptom|C_raw|semantic|core,O-E1:A_ko_symptom,semantic,C_raw,opencv/opencv#29325,2349,6,1,1,0,,chunkdoc_3871dad78ce8d99d,True,gitignored frozen parent runs.jsonl
O-E1:A_ko_symptom|C_raw|semantic|core,O-E1:A_ko_symptom,semantic,C_raw,opencv/opencv#28254,3190,9,1,6,0,,chunkdoc_e928f2c9ce7c40b8,True,gitignored frozen parent runs.jsonl
O-E1:A_ko_symptom|C_raw|semantic|core,O-E1:A_ko_symptom,semantic,C_raw,opencv/opencv#29761,4761,13,1,9,0,,chunkdoc_8917b54528d41b14,True,gitignored frozen parent runs.jsonl
O-E1:A_ko_symptom|C_bug|hybrid|core,O-E1:A_ko_symptom,hybrid,C_bug,opencv/opencv#29761,4761,13,1,9,0,,chunkdoc_8917b54528d41b14,True,gitignored frozen parent runs.jsonl
O-E1:A_ko_symptom|C_bug|hybrid|core,O-E1:A_ko_symptom,hybrid,C_bug,opencv/opencv#29763,6397,17,1,13,0,,chunkdoc_99c8bdbb0c70224b,True,gitignored frozen parent runs.jsonl
O-E1:A_ko_symptom|C_bug|hybrid|core,O-E1:A_ko_symptom,hybrid,C_bug,opencv/opencv#29325,2349,6,1,1,0,,chunkdoc_3871dad78ce8d99d,True,gitignored frozen parent runs.jsonl
O-E1:A_ko_symptom|C_bug|hybrid|core,O-E1:A_ko_symptom,hybrid,C_bug,opencv/opencv#28952,2082,6,1,4,0,,chunkdoc_ae6c77487ab7c3db,True,gitignored frozen parent runs.jsonl
O-E1:A_ko_symptom|C_bug|hybrid|core,O-E1:A_ko_symptom,hybrid,C_bug,opencv/opencv#28241,3379,9,1,8,0,,chunkdoc_840d2313298cce94,True,gitignored frozen parent runs.jsonl
O-E1:A_ko_symptom|C_bug|semantic|core,O-E1:A_ko_symptom,semantic,C_bug,opencv/opencv#29278,887,3,1,0,0,,chunkdoc_50e4c4a9cf677e54,True,gitignored frozen parent runs.jsonl
O-E1:A_ko_symptom|C_bug|semantic|core,O-E1:A_ko_symptom,semantic,C_bug,opencv/opencv#29350,1137,3,1,0,0,,chunkdoc_c7eb23560701ec66,True,gitignored frozen parent runs.jsonl
O-E1:A_ko_symptom|C_bug|semantic|core,O-E1:A_ko_symptom,semantic,C_bug,opencv/opencv#29325,2349,6,1,1,0,,chunkdoc_3871dad78ce8d99d,True,gitignored frozen parent runs.jsonl
O-E1:A_ko_symptom|C_bug|semantic|core,O-E1:A_ko_symptom,semantic,C_bug,opencv/opencv#28254,3190,9,1,6,0,,chunkdoc_e928f2c9ce7c40b8,True,gitignored frozen parent runs.jsonl
O-E1:A_ko_symptom|C_bug|semantic|core,O-E1:A_ko_symptom,semantic,C_bug,opencv/opencv#29761,4761,13,1,9,0,,chunkdoc_8917b54528d41b14,True,gitignored frozen parent runs.jsonl
O-E1:B_ko_context|C_raw|hybrid|core,O-E1:B_ko_context,hybrid,C_raw,opencv/opencv#29350,1137,3,1,0,0,,chunkdoc_c7eb23560701ec66,True,gitignored frozen parent runs.jsonl
O-E1:B_ko_context|C_raw|hybrid|core,O-E1:B_ko_context,hybrid,C_raw,opencv/opencv#29292,722,2,1,0,0,,chunkdoc_9ce683701b843dda,True,gitignored frozen parent runs.jsonl
O-E1:B_ko_context|C_raw|hybrid|core,O-E1:B_ko_context,hybrid,C_raw,opencv/opencv#29778,4224,11,1,8,0,,chunkdoc_25cbfbcee8b71101,True,gitignored frozen parent runs.jsonl
O-E1:B_ko_context|C_raw|hybrid|core,O-E1:B_ko_context,hybrid,C_raw,opencv/opencv#29613,3525,10,1,7,0,,chunkdoc_1ee6c2c85c0712f0,True,gitignored frozen parent runs.jsonl
O-E1:B_ko_context|C_raw|hybrid|core,O-E1:B_ko_context,hybrid,C_raw,opencv/opencv#29614,3894,10,1,7,0,,chunkdoc_4aa76a796f8cf0a5,True,gitignored frozen parent runs.jsonl
O-E1:B_ko_context|C_raw|semantic|core,O-E1:B_ko_context,semantic,C_raw,opencv/opencv#29350,1137,3,1,0,0,,chunkdoc_c7eb23560701ec66,True,gitignored frozen parent runs.jsonl
O-E1:B_ko_context|C_raw|semantic|core,O-E1:B_ko_context,semantic,C_raw,opencv/opencv#29278,887,3,1,0,0,,chunkdoc_50e4c4a9cf677e54,True,gitignored frozen parent runs.jsonl
O-E1:B_ko_context|C_raw|semantic|core,O-E1:B_ko_context,semantic,C_raw,opencv/opencv#28580,2144,6,1,4,0,,chunkdoc_ff1b27a7cf4c50f9,True,gitignored frozen parent runs.jsonl
O-E1:B_ko_context|C_raw|semantic|core,O-E1:B_ko_context,semantic,C_raw,opencv/opencv#28598,2180,6,1,4,0,,chunkdoc_81309f7d0e16c574,True,gitignored frozen parent runs.jsonl
O-E1:B_ko_context|C_raw|semantic|core,O-E1:B_ko_context,semantic,C_raw,opencv/opencv#29292,722,2,1,0,0,,chunkdoc_9ce683701b843dda,True,gitignored frozen parent runs.jsonl
O-E1:B_ko_context|C_bug|hybrid|core,O-E1:B_ko_context,hybrid,C_bug,opencv/opencv#29350,1137,3,1,0,0,,chunkdoc_c7eb23560701ec66,True,gitignored frozen parent runs.jsonl
O-E1:B_ko_context|C_bug|hybrid|core,O-E1:B_ko_context,hybrid,C_bug,opencv/opencv#29292,722,2,1,0,0,,chunkdoc_9ce683701b843dda,True,gitignored frozen parent runs.jsonl
O-E1:B_ko_context|C_bug|hybrid|core,O-E1:B_ko_context,hybrid,C_bug,opencv/opencv#29613,3525,10,1,7,0,,chunkdoc_1ee6c2c85c0712f0,True,gitignored frozen parent runs.jsonl
O-E1:B_ko_context|C_bug|hybrid|core,O-E1:B_ko_context,hybrid,C_bug,opencv/opencv#29614,3894,10,1,7,0,,chunkdoc_4aa76a796f8cf0a5,True,gitignored frozen parent runs.jsonl
O-E1:B_ko_context|C_bug|hybrid|core,O-E1:B_ko_context,hybrid,C_bug,opencv/opencv#29278,887,3,1,0,0,,chunkdoc_50e4c4a9cf677e54,True,gitignored frozen parent runs.jsonl
O-E1:B_ko_context|C_bug|semantic|core,O-E1:B_ko_context,semantic,C_bug,opencv/opencv#29350,1137,3,1,0,0,,chunkdoc_c7eb23560701ec66,True,gitignored frozen parent runs.jsonl
O-E1:B_ko_context|C_bug|semantic|core,O-E1:B_ko_context,semantic,C_bug,opencv/opencv#29278,887,3,1,0,0,,chunkdoc_50e4c4a9cf677e54,True,gitignored frozen parent runs.jsonl
O-E1:B_ko_context|C_bug|semantic|core,O-E1:B_ko_context,semantic,C_bug,opencv/opencv#28580,2144,6,1,4,0,,chunkdoc_ff1b27a7cf4c50f9,True,gitignored frozen parent runs.jsonl
O-E1:B_ko_context|C_bug|semantic|core,O-E1:B_ko_context,semantic,C_bug,opencv/opencv#28598,2180,6,1,4,0,,chunkdoc_81309f7d0e16c574,True,gitignored frozen parent runs.jsonl
O-E1:B_ko_context|C_bug|semantic|core,O-E1:B_ko_context,semantic,C_bug,opencv/opencv#29292,722,2,1,0,0,,chunkdoc_9ce683701b843dda,True,gitignored frozen parent runs.jsonl
O-E1:C_en_context|C_raw|semantic|core,O-E1:C_en_context,semantic,C_raw,opencv/opencv#29350,1137,3,1,0,0,,chunkdoc_c7eb23560701ec66,True,gitignored frozen parent runs.jsonl
O-E1:C_en_context|C_raw|semantic|core,O-E1:C_en_context,semantic,C_raw,opencv/opencv#28580,2144,6,1,4,0,,chunkdoc_ff1b27a7cf4c50f9,True,gitignored frozen parent runs.jsonl
O-E1:C_en_context|C_raw|semantic|core,O-E1:C_en_context,semantic,C_raw,opencv/opencv#28598,2180,6,1,4,0,,chunkdoc_81309f7d0e16c574,True,gitignored frozen parent runs.jsonl
O-E1:C_en_context|C_raw|semantic|core,O-E1:C_en_context,semantic,C_raw,opencv/opencv#28597,2723,7,1,6,0,,chunkdoc_66fec1304b69b203,True,gitignored frozen parent runs.jsonl
O-E1:C_en_context|C_raw|semantic|core,O-E1:C_en_context,semantic,C_raw,opencv/opencv#29292,722,2,1,0,0,,chunkdoc_9ce683701b843dda,True,gitignored frozen parent runs.jsonl
O-E1:C_en_context|C_raw|hybrid|core,O-E1:C_en_context,hybrid,C_raw,opencv/opencv#29350,1137,3,1,0,0,,chunkdoc_c7eb23560701ec66,True,gitignored frozen parent runs.jsonl
O-E1:C_en_context|C_raw|hybrid|core,O-E1:C_en_context,hybrid,C_raw,opencv/opencv#29292,722,2,1,0,0,,chunkdoc_9ce683701b843dda,True,gitignored frozen parent runs.jsonl
O-E1:C_en_context|C_raw|hybrid|core,O-E1:C_en_context,hybrid,C_raw,opencv/opencv#28597,2723,7,1,6,0,,chunkdoc_66fec1304b69b203,True,gitignored frozen parent runs.jsonl
O-E1:C_en_context|C_raw|hybrid|core,O-E1:C_en_context,hybrid,C_raw,opencv/opencv#28598,2180,6,1,4,0,,chunkdoc_81309f7d0e16c574,True,gitignored frozen parent runs.jsonl
O-E1:C_en_context|C_raw|hybrid|core,O-E1:C_en_context,hybrid,C_raw,opencv/opencv#28580,2144,6,1,4,0,,chunkdoc_ff1b27a7cf4c50f9,True,gitignored frozen parent runs.jsonl
O-E1:C_en_context|C_bug|semantic|core,O-E1:C_en_context,semantic,C_bug,opencv/opencv#29350,1137,3,1,0,0,,chunkdoc_c7eb23560701ec66,True,gitignored frozen parent runs.jsonl
O-E1:C_en_context|C_bug|semantic|core,O-E1:C_en_context,semantic,C_bug,opencv/opencv#28580,2144,6,1,4,0,,chunkdoc_ff1b27a7cf4c50f9,True,gitignored frozen parent runs.jsonl
O-E1:C_en_context|C_bug|semantic|core,O-E1:C_en_context,semantic,C_bug,opencv/opencv#28598,2180,6,1,4,0,,chunkdoc_81309f7d0e16c574,True,gitignored frozen parent runs.jsonl
O-E1:C_en_context|C_bug|semantic|core,O-E1:C_en_context,semantic,C_bug,opencv/opencv#29292,722,2,1,0,0,,chunkdoc_9ce683701b843dda,True,gitignored frozen parent runs.jsonl
O-E1:C_en_context|C_bug|semantic|core,O-E1:C_en_context,semantic,C_bug,opencv/opencv#29761,4761,13,1,2,0,,chunkdoc_8917b54528d41b14,False,gitignored frozen parent runs.jsonl
O-E1:C_en_context|C_bug|hybrid|core,O-E1:C_en_context,hybrid,C_bug,opencv/opencv#29350,1137,3,1,0,0,,chunkdoc_c7eb23560701ec66,True,gitignored frozen parent runs.jsonl
O-E1:C_en_context|C_bug|hybrid|core,O-E1:C_en_context,hybrid,C_bug,opencv/opencv#29292,722,2,1,0,0,,chunkdoc_9ce683701b843dda,True,gitignored frozen parent runs.jsonl
O-E1:C_en_context|C_bug|hybrid|core,O-E1:C_en_context,hybrid,C_bug,opencv/opencv#28598,2180,6,1,4,0,,chunkdoc_81309f7d0e16c574,True,gitignored frozen parent runs.jsonl
O-E1:C_en_context|C_bug|hybrid|core,O-E1:C_en_context,hybrid,C_bug,opencv/opencv#28580,2144,6,1,4,0,,chunkdoc_ff1b27a7cf4c50f9,True,gitignored frozen parent runs.jsonl
O-E1:C_en_context|C_bug|hybrid|core,O-E1:C_en_context,hybrid,C_bug,opencv/opencv#29885,3009,8,1,6,0,,chunkdoc_a0a2eadfdb440d02,True,gitignored frozen parent runs.jsonl
O-E2:A_ko_symptom|C_raw|semantic|core,O-E2:A_ko_symptom,semantic,C_raw,opencv/opencv#28766,1035,3,1,2,0,,chunkdoc_edaca6709cf40806,True,gitignored frozen parent runs.jsonl
O-E2:A_ko_symptom|C_raw|semantic|core,O-E2:A_ko_symptom,semantic,C_raw,opencv/opencv#28438,2113,6,1,5,0,,chunkdoc_47e5ac2a29f6c40c,True,gitignored frozen parent runs.jsonl
O-E2:A_ko_symptom|C_raw|semantic|core,O-E2:A_ko_symptom,semantic,C_raw,opencv/opencv#29278,887,3,1,0,0,,chunkdoc_50e4c4a9cf677e54,True,gitignored frozen parent runs.jsonl
O-E2:A_ko_symptom|C_raw|semantic|core,O-E2:A_ko_symptom,semantic,C_raw,opencv/opencv#28525,767,2,1,1,0,,chunkdoc_19fcbd5f25bea0cf,True,gitignored frozen parent runs.jsonl
O-E2:A_ko_symptom|C_raw|semantic|core,O-E2:A_ko_symptom,semantic,C_raw,opencv/opencv#29325,2349,6,1,3,0,,chunkdoc_3871dad78ce8d99d,False,gitignored frozen parent runs.jsonl
O-E2:A_ko_symptom|C_raw|hybrid|core,O-E2:A_ko_symptom,hybrid,C_raw,opencv/opencv#28766,1035,3,1,2,0,,chunkdoc_edaca6709cf40806,True,gitignored frozen parent runs.jsonl
O-E2:A_ko_symptom|C_raw|hybrid|core,O-E2:A_ko_symptom,hybrid,C_raw,opencv/opencv#28525,767,2,1,1,0,,chunkdoc_19fcbd5f25bea0cf,True,gitignored frozen parent runs.jsonl
O-E2:A_ko_symptom|C_raw|hybrid|core,O-E2:A_ko_symptom,hybrid,C_raw,opencv/opencv#28554,682,2,1,0,0,,chunkdoc_711c861f4e5ce723,True,gitignored frozen parent runs.jsonl
O-E2:A_ko_symptom|C_raw|hybrid|core,O-E2:A_ko_symptom,hybrid,C_raw,opencv/opencv#28438,2113,6,1,5,0,,chunkdoc_47e5ac2a29f6c40c,True,gitignored frozen parent runs.jsonl
O-E2:A_ko_symptom|C_raw|hybrid|core,O-E2:A_ko_symptom,hybrid,C_raw,opencv/opencv#30017,2169,6,1,0,0,,chunkdoc_5b0f191520b24a40,True,gitignored frozen parent runs.jsonl
O-E2:A_ko_symptom|C_bug|semantic|core,O-E2:A_ko_symptom,semantic,C_bug,opencv/opencv#28766,1035,3,1,2,0,,chunkdoc_edaca6709cf40806,True,gitignored frozen parent runs.jsonl
O-E2:A_ko_symptom|C_bug|semantic|core,O-E2:A_ko_symptom,semantic,C_bug,opencv/opencv#28438,2113,6,1,5,0,,chunkdoc_47e5ac2a29f6c40c,True,gitignored frozen parent runs.jsonl
O-E2:A_ko_symptom|C_bug|semantic|core,O-E2:A_ko_symptom,semantic,C_bug,opencv/opencv#29278,887,3,1,0,0,,chunkdoc_50e4c4a9cf677e54,True,gitignored frozen parent runs.jsonl
O-E2:A_ko_symptom|C_bug|semantic|core,O-E2:A_ko_symptom,semantic,C_bug,opencv/opencv#28525,767,2,1,1,0,,chunkdoc_19fcbd5f25bea0cf,True,gitignored frozen parent runs.jsonl
O-E2:A_ko_symptom|C_bug|semantic|core,O-E2:A_ko_symptom,semantic,C_bug,opencv/opencv#29325,2349,6,1,3,0,,chunkdoc_3871dad78ce8d99d,False,gitignored frozen parent runs.jsonl
O-E2:A_ko_symptom|C_bug|hybrid|core,O-E2:A_ko_symptom,hybrid,C_bug,opencv/opencv#28766,1035,3,1,2,0,,chunkdoc_edaca6709cf40806,True,gitignored frozen parent runs.jsonl
O-E2:A_ko_symptom|C_bug|hybrid|core,O-E2:A_ko_symptom,hybrid,C_bug,opencv/opencv#28525,767,2,1,1,0,,chunkdoc_19fcbd5f25bea0cf,True,gitignored frozen parent runs.jsonl
O-E2:A_ko_symptom|C_bug|hybrid|core,O-E2:A_ko_symptom,hybrid,C_bug,opencv/opencv#28438,2113,6,1,5,0,,chunkdoc_47e5ac2a29f6c40c,True,gitignored frozen parent runs.jsonl
O-E2:A_ko_symptom|C_bug|hybrid|core,O-E2:A_ko_symptom,hybrid,C_bug,opencv/opencv#28554,682,2,1,0,0,,chunkdoc_711c861f4e5ce723,True,gitignored frozen parent runs.jsonl
O-E2:A_ko_symptom|C_bug|hybrid|core,O-E2:A_ko_symptom,hybrid,C_bug,opencv/opencv#29195,371,1,1,0,0,,chunkdoc_d26be2fa9958f339,True,gitignored frozen parent runs.jsonl
O-E2:B_ko_context|C_raw|semantic|core,O-E2:B_ko_context,semantic,C_raw,opencv/opencv#28525,767,2,1,0,0,,chunkdoc_19fcbd5f25bea0cf,False,gitignored frozen parent runs.jsonl
O-E2:B_ko_context|C_raw|semantic|core,O-E2:B_ko_context,semantic,C_raw,opencv/opencv#28438,2113,6,1,4,0,,chunkdoc_47e5ac2a29f6c40c,False,gitignored frozen parent runs.jsonl
O-E2:B_ko_context|C_raw|semantic|core,O-E2:B_ko_context,semantic,C_raw,opencv/opencv#28766,1035,3,1,0,0,,chunkdoc_edaca6709cf40806,False,gitignored frozen parent runs.jsonl
O-E2:B_ko_context|C_raw|semantic|core,O-E2:B_ko_context,semantic,C_raw,opencv/opencv#28629,3095,8,1,5,0,,chunkdoc_87406a77263281fa,True,gitignored frozen parent runs.jsonl
O-E2:B_ko_context|C_raw|semantic|core,O-E2:B_ko_context,semantic,C_raw,opencv/opencv#28187,21075,55,1,37,0,,chunkdoc_db7755f419a50119,True,gitignored frozen parent runs.jsonl
O-E2:B_ko_context|C_raw|hybrid|core,O-E2:B_ko_context,hybrid,C_raw,opencv/opencv#28525,767,2,1,0,0,,chunkdoc_19fcbd5f25bea0cf,False,gitignored frozen parent runs.jsonl
O-E2:B_ko_context|C_raw|hybrid|core,O-E2:B_ko_context,hybrid,C_raw,opencv/opencv#28438,2113,6,1,4,0,,chunkdoc_47e5ac2a29f6c40c,False,gitignored frozen parent runs.jsonl
O-E2:B_ko_context|C_raw|hybrid|core,O-E2:B_ko_context,hybrid,C_raw,opencv/opencv#28766,1035,3,1,0,0,,chunkdoc_edaca6709cf40806,False,gitignored frozen parent runs.jsonl
O-E2:B_ko_context|C_raw|hybrid|core,O-E2:B_ko_context,hybrid,C_raw,opencv/opencv#28629,3095,8,1,5,0,,chunkdoc_87406a77263281fa,True,gitignored frozen parent runs.jsonl
O-E2:B_ko_context|C_raw|hybrid|core,O-E2:B_ko_context,hybrid,C_raw,opencv/opencv#29422,1214,3,1,2,0,,chunkdoc_fee91801e07414ba,True,gitignored frozen parent runs.jsonl
O-E2:B_ko_context|C_bug|semantic|core,O-E2:B_ko_context,semantic,C_bug,opencv/opencv#28525,767,2,1,0,0,,chunkdoc_19fcbd5f25bea0cf,False,gitignored frozen parent runs.jsonl
O-E2:B_ko_context|C_bug|semantic|core,O-E2:B_ko_context,semantic,C_bug,opencv/opencv#28438,2113,6,1,4,0,,chunkdoc_47e5ac2a29f6c40c,False,gitignored frozen parent runs.jsonl
O-E2:B_ko_context|C_bug|semantic|core,O-E2:B_ko_context,semantic,C_bug,opencv/opencv#28766,1035,3,1,0,0,,chunkdoc_edaca6709cf40806,False,gitignored frozen parent runs.jsonl
O-E2:B_ko_context|C_bug|semantic|core,O-E2:B_ko_context,semantic,C_bug,opencv/opencv#28629,3095,8,1,5,0,,chunkdoc_87406a77263281fa,True,gitignored frozen parent runs.jsonl
O-E2:B_ko_context|C_bug|semantic|core,O-E2:B_ko_context,semantic,C_bug,opencv/opencv#28187,21075,55,1,37,0,,chunkdoc_db7755f419a50119,True,gitignored frozen parent runs.jsonl
O-E2:B_ko_context|C_bug|hybrid|core,O-E2:B_ko_context,hybrid,C_bug,opencv/opencv#28525,767,2,1,0,0,,chunkdoc_19fcbd5f25bea0cf,False,gitignored frozen parent runs.jsonl
O-E2:B_ko_context|C_bug|hybrid|core,O-E2:B_ko_context,hybrid,C_bug,opencv/opencv#28438,2113,6,1,4,0,,chunkdoc_47e5ac2a29f6c40c,False,gitignored frozen parent runs.jsonl
O-E2:B_ko_context|C_bug|hybrid|core,O-E2:B_ko_context,hybrid,C_bug,opencv/opencv#28766,1035,3,1,0,0,,chunkdoc_edaca6709cf40806,False,gitignored frozen parent runs.jsonl
O-E2:B_ko_context|C_bug|hybrid|core,O-E2:B_ko_context,hybrid,C_bug,opencv/opencv#28629,3095,8,1,5,0,,chunkdoc_87406a77263281fa,True,gitignored frozen parent runs.jsonl
O-E2:B_ko_context|C_bug|hybrid|core,O-E2:B_ko_context,hybrid,C_bug,opencv/opencv#29422,1214,3,1,2,0,,chunkdoc_fee91801e07414ba,True,gitignored frozen parent runs.jsonl
O-E2:C_en_context|C_raw|semantic|core,O-E2:C_en_context,semantic,C_raw,opencv/opencv#28525,767,2,1,0,0,,chunkdoc_19fcbd5f25bea0cf,False,gitignored frozen parent runs.jsonl
O-E2:C_en_context|C_raw|semantic|core,O-E2:C_en_context,semantic,C_raw,opencv/opencv#28438,2113,6,1,3,0,,chunkdoc_47e5ac2a29f6c40c,False,gitignored frozen parent runs.jsonl
O-E2:C_en_context|C_raw|semantic|core,O-E2:C_en_context,semantic,C_raw,opencv/opencv#28766,1035,3,1,2,0,,chunkdoc_edaca6709cf40806,True,gitignored frozen parent runs.jsonl
O-E2:C_en_context|C_raw|semantic|core,O-E2:C_en_context,semantic,C_raw,opencv/opencv#28629,3095,8,1,5,0,,chunkdoc_87406a77263281fa,True,gitignored frozen parent runs.jsonl
O-E2:C_en_context|C_raw|semantic|core,O-E2:C_en_context,semantic,C_raw,opencv/opencv#29422,1214,3,1,2,0,,chunkdoc_fee91801e07414ba,True,gitignored frozen parent runs.jsonl
O-E2:C_en_context|C_raw|hybrid|core,O-E2:C_en_context,hybrid,C_raw,opencv/opencv#28525,767,2,1,0,0,,chunkdoc_19fcbd5f25bea0cf,False,gitignored frozen parent runs.jsonl
O-E2:C_en_context|C_raw|hybrid|core,O-E2:C_en_context,hybrid,C_raw,opencv/opencv#28438,2113,6,1,3,0,,chunkdoc_47e5ac2a29f6c40c,False,gitignored frozen parent runs.jsonl
O-E2:C_en_context|C_raw|hybrid|core,O-E2:C_en_context,hybrid,C_raw,opencv/opencv#28629,3095,8,1,5,0,,chunkdoc_87406a77263281fa,True,gitignored frozen parent runs.jsonl
O-E2:C_en_context|C_raw|hybrid|core,O-E2:C_en_context,hybrid,C_raw,opencv/opencv#28766,1035,3,1,2,0,,chunkdoc_edaca6709cf40806,True,gitignored frozen parent runs.jsonl
O-E2:C_en_context|C_raw|hybrid|core,O-E2:C_en_context,hybrid,C_raw,opencv/opencv#29422,1214,3,1,2,0,,chunkdoc_fee91801e07414ba,True,gitignored frozen parent runs.jsonl
O-E2:C_en_context|C_bug|semantic|core,O-E2:C_en_context,semantic,C_bug,opencv/opencv#28525,767,2,1,0,0,,chunkdoc_19fcbd5f25bea0cf,False,gitignored frozen parent runs.jsonl
O-E2:C_en_context|C_bug|semantic|core,O-E2:C_en_context,semantic,C_bug,opencv/opencv#28438,2113,6,1,3,0,,chunkdoc_47e5ac2a29f6c40c,False,gitignored frozen parent runs.jsonl
O-E2:C_en_context|C_bug|semantic|core,O-E2:C_en_context,semantic,C_bug,opencv/opencv#28766,1035,3,1,2,0,,chunkdoc_edaca6709cf40806,True,gitignored frozen parent runs.jsonl
O-E2:C_en_context|C_bug|semantic|core,O-E2:C_en_context,semantic,C_bug,opencv/opencv#28629,3095,8,1,5,0,,chunkdoc_87406a77263281fa,True,gitignored frozen parent runs.jsonl
O-E2:C_en_context|C_bug|semantic|core,O-E2:C_en_context,semantic,C_bug,opencv/opencv#29422,1214,3,1,2,0,,chunkdoc_fee91801e07414ba,True,gitignored frozen parent runs.jsonl
O-E2:C_en_context|C_bug|hybrid|core,O-E2:C_en_context,hybrid,C_bug,opencv/opencv#28525,767,2,1,0,0,,chunkdoc_19fcbd5f25bea0cf,False,gitignored frozen parent runs.jsonl
O-E2:C_en_context|C_bug|hybrid|core,O-E2:C_en_context,hybrid,C_bug,opencv/opencv#28438,2113,6,1,3,0,,chunkdoc_47e5ac2a29f6c40c,False,gitignored frozen parent runs.jsonl
O-E2:C_en_context|C_bug|hybrid|core,O-E2:C_en_context,hybrid,C_bug,opencv/opencv#28629,3095,8,1,5,0,,chunkdoc_87406a77263281fa,True,gitignored frozen parent runs.jsonl
O-E2:C_en_context|C_bug|hybrid|core,O-E2:C_en_context,hybrid,C_bug,opencv/opencv#28766,1035,3,1,2,0,,chunkdoc_edaca6709cf40806,True,gitignored frozen parent runs.jsonl
O-E2:C_en_context|C_bug|hybrid|core,O-E2:C_en_context,hybrid,C_bug,opencv/opencv#29422,1214,3,1,2,0,,chunkdoc_fee91801e07414ba,True,gitignored frozen parent runs.jsonl
O-S1:A_ko_symptom|C_raw|hybrid|core,O-S1:A_ko_symptom,hybrid,C_raw,opencv/opencv#29565,274,1,1,0,0,,chunkdoc_5c0246623951b0e3,True,gitignored frozen parent runs.jsonl
O-S1:A_ko_symptom|C_raw|hybrid|core,O-S1:A_ko_symptom,hybrid,C_raw,opencv/opencv#29278,887,3,1,0,0,,chunkdoc_50e4c4a9cf677e54,True,gitignored frozen parent runs.jsonl
O-S1:A_ko_symptom|C_raw|hybrid|core,O-S1:A_ko_symptom,hybrid,C_raw,opencv/opencv#29576,606,2,1,1,0,,chunkdoc_c14ee215677b1014,True,gitignored frozen parent runs.jsonl
O-S1:A_ko_symptom|C_raw|hybrid|core,O-S1:A_ko_symptom,hybrid,C_raw,opencv/opencv#28469,488,2,1,0,0,,chunkdoc_fab3d530af5eccc1,True,gitignored frozen parent runs.jsonl
O-S1:A_ko_symptom|C_raw|hybrid|core,O-S1:A_ko_symptom,hybrid,C_raw,opencv/opencv#28358,788,2,1,1,0,,chunkdoc_cf61ee5bc8b544b4,True,gitignored frozen parent runs.jsonl
O-S1:A_ko_symptom|C_raw|semantic|core,O-S1:A_ko_symptom,semantic,C_raw,opencv/opencv#29565,274,1,1,0,0,,chunkdoc_5c0246623951b0e3,True,gitignored frozen parent runs.jsonl
O-S1:A_ko_symptom|C_raw|semantic|core,O-S1:A_ko_symptom,semantic,C_raw,opencv/opencv#29692,3461,9,1,0,0,,chunkdoc_650beead9aaf9644,True,gitignored frozen parent runs.jsonl
O-S1:A_ko_symptom|C_raw|semantic|core,O-S1:A_ko_symptom,semantic,C_raw,opencv/opencv#29278,887,3,1,0,0,,chunkdoc_50e4c4a9cf677e54,True,gitignored frozen parent runs.jsonl
O-S1:A_ko_symptom|C_raw|semantic|core,O-S1:A_ko_symptom,semantic,C_raw,opencv/opencv#28469,488,2,1,0,0,,chunkdoc_fab3d530af5eccc1,True,gitignored frozen parent runs.jsonl
O-S1:A_ko_symptom|C_raw|semantic|core,O-S1:A_ko_symptom,semantic,C_raw,opencv/opencv#29817,551,2,1,1,0,,chunkdoc_2be9976972326d96,True,gitignored frozen parent runs.jsonl
O-S1:A_ko_symptom|C_bug|hybrid|core,O-S1:A_ko_symptom,hybrid,C_bug,opencv/opencv#29565,274,1,1,0,0,,chunkdoc_5c0246623951b0e3,True,gitignored frozen parent runs.jsonl
O-S1:A_ko_symptom|C_bug|hybrid|core,O-S1:A_ko_symptom,hybrid,C_bug,opencv/opencv#29278,887,3,1,0,0,,chunkdoc_50e4c4a9cf677e54,True,gitignored frozen parent runs.jsonl
O-S1:A_ko_symptom|C_bug|hybrid|core,O-S1:A_ko_symptom,hybrid,C_bug,opencv/opencv#29576,606,2,1,1,0,,chunkdoc_c14ee215677b1014,True,gitignored frozen parent runs.jsonl
O-S1:A_ko_symptom|C_bug|hybrid|core,O-S1:A_ko_symptom,hybrid,C_bug,opencv/opencv#28469,488,2,1,0,0,,chunkdoc_fab3d530af5eccc1,True,gitignored frozen parent runs.jsonl
O-S1:A_ko_symptom|C_bug|hybrid|core,O-S1:A_ko_symptom,hybrid,C_bug,opencv/opencv#28049,1371,4,1,3,0,,chunkdoc_585290b346f9bba2,True,gitignored frozen parent runs.jsonl
O-S1:A_ko_symptom|C_bug|semantic|core,O-S1:A_ko_symptom,semantic,C_bug,opencv/opencv#29565,274,1,1,0,0,,chunkdoc_5c0246623951b0e3,True,gitignored frozen parent runs.jsonl
O-S1:A_ko_symptom|C_bug|semantic|core,O-S1:A_ko_symptom,semantic,C_bug,opencv/opencv#29692,3461,9,1,0,0,,chunkdoc_650beead9aaf9644,True,gitignored frozen parent runs.jsonl
O-S1:A_ko_symptom|C_bug|semantic|core,O-S1:A_ko_symptom,semantic,C_bug,opencv/opencv#29278,887,3,1,0,0,,chunkdoc_50e4c4a9cf677e54,True,gitignored frozen parent runs.jsonl
O-S1:A_ko_symptom|C_bug|semantic|core,O-S1:A_ko_symptom,semantic,C_bug,opencv/opencv#28469,488,2,1,0,0,,chunkdoc_fab3d530af5eccc1,True,gitignored frozen parent runs.jsonl
O-S1:A_ko_symptom|C_bug|semantic|core,O-S1:A_ko_symptom,semantic,C_bug,opencv/opencv#28382,11189,29,1,28,0,,chunkdoc_28869b102986dbd8,True,gitignored frozen parent runs.jsonl
O-S1:B_ko_context|C_raw|hybrid|core,O-S1:B_ko_context,hybrid,C_raw,opencv/opencv#29565,274,1,1,0,0,,chunkdoc_5c0246623951b0e3,True,gitignored frozen parent runs.jsonl
O-S1:B_ko_context|C_raw|hybrid|core,O-S1:B_ko_context,hybrid,C_raw,opencv/opencv#29422,1214,3,1,2,0,,chunkdoc_fee91801e07414ba,True,gitignored frozen parent runs.jsonl
O-S1:B_ko_context|C_raw|hybrid|core,O-S1:B_ko_context,hybrid,C_raw,opencv/opencv#29692,3461,9,1,0,0,,chunkdoc_650beead9aaf9644,True,gitignored frozen parent runs.jsonl
O-S1:B_ko_context|C_raw|hybrid|core,O-S1:B_ko_context,hybrid,C_raw,opencv/opencv#28438,2113,6,1,4,0,,chunkdoc_47e5ac2a29f6c40c,False,gitignored frozen parent runs.jsonl
O-S1:B_ko_context|C_raw|hybrid|core,O-S1:B_ko_context,hybrid,C_raw,opencv/opencv#29652,1120,3,1,0,0,,chunkdoc_b0d1bf0b5f0fb283,True,gitignored frozen parent runs.jsonl
O-S1:B_ko_context|C_raw|semantic|core,O-S1:B_ko_context,semantic,C_raw,opencv/opencv#29565,274,1,1,0,0,,chunkdoc_5c0246623951b0e3,True,gitignored frozen parent runs.jsonl
O-S1:B_ko_context|C_raw|semantic|core,O-S1:B_ko_context,semantic,C_raw,opencv/opencv#29692,3461,9,1,0,0,,chunkdoc_650beead9aaf9644,True,gitignored frozen parent runs.jsonl
O-S1:B_ko_context|C_raw|semantic|core,O-S1:B_ko_context,semantic,C_raw,opencv/opencv#28383,411,1,1,0,0,,chunkdoc_f89864c03b212f26,True,gitignored frozen parent runs.jsonl
O-S1:B_ko_context|C_raw|semantic|core,O-S1:B_ko_context,semantic,C_raw,opencv/opencv#29035,22720,59,1,0,0,,chunkdoc_0e26c6aadc44efa6,True,gitignored frozen parent runs.jsonl
O-S1:B_ko_context|C_raw|semantic|core,O-S1:B_ko_context,semantic,C_raw,opencv/opencv#29422,1214,3,1,2,0,,chunkdoc_fee91801e07414ba,True,gitignored frozen parent runs.jsonl
O-S1:B_ko_context|C_bug|hybrid|core,O-S1:B_ko_context,hybrid,C_bug,opencv/opencv#29565,274,1,1,0,0,,chunkdoc_5c0246623951b0e3,True,gitignored frozen parent runs.jsonl
O-S1:B_ko_context|C_bug|hybrid|core,O-S1:B_ko_context,hybrid,C_bug,opencv/opencv#29422,1214,3,1,2,0,,chunkdoc_fee91801e07414ba,True,gitignored frozen parent runs.jsonl
O-S1:B_ko_context|C_bug|hybrid|core,O-S1:B_ko_context,hybrid,C_bug,opencv/opencv#29692,3461,9,1,0,0,,chunkdoc_650beead9aaf9644,True,gitignored frozen parent runs.jsonl
O-S1:B_ko_context|C_bug|hybrid|core,O-S1:B_ko_context,hybrid,C_bug,opencv/opencv#28438,2113,6,1,4,0,,chunkdoc_47e5ac2a29f6c40c,False,gitignored frozen parent runs.jsonl
O-S1:B_ko_context|C_bug|hybrid|core,O-S1:B_ko_context,hybrid,C_bug,opencv/opencv#29576,606,2,1,1,0,,chunkdoc_c14ee215677b1014,True,gitignored frozen parent runs.jsonl
O-S1:B_ko_context|C_bug|semantic|core,O-S1:B_ko_context,semantic,C_bug,opencv/opencv#29565,274,1,1,0,0,,chunkdoc_5c0246623951b0e3,True,gitignored frozen parent runs.jsonl
O-S1:B_ko_context|C_bug|semantic|core,O-S1:B_ko_context,semantic,C_bug,opencv/opencv#29692,3461,9,1,0,0,,chunkdoc_650beead9aaf9644,True,gitignored frozen parent runs.jsonl
O-S1:B_ko_context|C_bug|semantic|core,O-S1:B_ko_context,semantic,C_bug,opencv/opencv#28383,411,1,1,0,0,,chunkdoc_f89864c03b212f26,True,gitignored frozen parent runs.jsonl
O-S1:B_ko_context|C_bug|semantic|core,O-S1:B_ko_context,semantic,C_bug,opencv/opencv#29035,22720,59,1,0,0,,chunkdoc_0e26c6aadc44efa6,True,gitignored frozen parent runs.jsonl
O-S1:B_ko_context|C_bug|semantic|core,O-S1:B_ko_context,semantic,C_bug,opencv/opencv#29422,1214,3,1,2,0,,chunkdoc_fee91801e07414ba,True,gitignored frozen parent runs.jsonl
O-S1:C_en_context|C_raw|hybrid|core,O-S1:C_en_context,hybrid,C_raw,opencv/opencv#29565,274,1,1,0,0,,chunkdoc_5c0246623951b0e3,True,gitignored frozen parent runs.jsonl
O-S1:C_en_context|C_raw|hybrid|core,O-S1:C_en_context,hybrid,C_raw,opencv/opencv#29652,1120,3,1,0,0,,chunkdoc_b0d1bf0b5f0fb283,True,gitignored frozen parent runs.jsonl
O-S1:C_en_context|C_raw|hybrid|core,O-S1:C_en_context,hybrid,C_raw,opencv/opencv#29705,514,2,1,1,0,,chunkdoc_dc1fb6e23b0debfb,True,gitignored frozen parent runs.jsonl
O-S1:C_en_context|C_raw|hybrid|core,O-S1:C_en_context,hybrid,C_raw,opencv/opencv#29692,3461,9,1,0,0,,chunkdoc_650beead9aaf9644,True,gitignored frozen parent runs.jsonl
O-S1:C_en_context|C_raw|hybrid|core,O-S1:C_en_context,hybrid,C_raw,opencv/opencv#29586,1440,4,1,1,0,,chunkdoc_1e116ce13f2ebf68,True,gitignored frozen parent runs.jsonl
O-S1:C_en_context|C_raw|semantic|core,O-S1:C_en_context,semantic,C_raw,opencv/opencv#29565,274,1,1,0,0,,chunkdoc_5c0246623951b0e3,True,gitignored frozen parent runs.jsonl
O-S1:C_en_context|C_raw|semantic|core,O-S1:C_en_context,semantic,C_raw,opencv/opencv#29692,3461,9,1,0,0,,chunkdoc_650beead9aaf9644,True,gitignored frozen parent runs.jsonl
O-S1:C_en_context|C_raw|semantic|core,O-S1:C_en_context,semantic,C_raw,opencv/opencv#28469,488,2,1,0,0,,chunkdoc_fab3d530af5eccc1,True,gitignored frozen parent runs.jsonl
O-S1:C_en_context|C_raw|semantic|core,O-S1:C_en_context,semantic,C_raw,opencv/opencv#29794,7902,21,1,18,0,,chunkdoc_2d1c3a84cb07aa77,True,gitignored frozen parent runs.jsonl
O-S1:C_en_context|C_raw|semantic|core,O-S1:C_en_context,semantic,C_raw,opencv/opencv#28462,1023,3,1,2,0,,chunkdoc_eec28ac0c389ee13,True,gitignored frozen parent runs.jsonl
O-S1:C_en_context|C_bug|hybrid|core,O-S1:C_en_context,hybrid,C_bug,opencv/opencv#29565,274,1,1,0,0,,chunkdoc_5c0246623951b0e3,True,gitignored frozen parent runs.jsonl
O-S1:C_en_context|C_bug|hybrid|core,O-S1:C_en_context,hybrid,C_bug,opencv/opencv#29692,3461,9,1,0,0,,chunkdoc_650beead9aaf9644,True,gitignored frozen parent runs.jsonl
O-S1:C_en_context|C_bug|hybrid|core,O-S1:C_en_context,hybrid,C_bug,opencv/opencv#28462,1023,3,1,2,0,,chunkdoc_eec28ac0c389ee13,True,gitignored frozen parent runs.jsonl
O-S1:C_en_context|C_bug|hybrid|core,O-S1:C_en_context,hybrid,C_bug,opencv/opencv#29465,1065,3,1,2,0,,chunkdoc_dd6d8b612193ac00,True,gitignored frozen parent runs.jsonl
O-S1:C_en_context|C_bug|hybrid|core,O-S1:C_en_context,hybrid,C_bug,opencv/opencv#29794,7902,21,1,18,0,,chunkdoc_2d1c3a84cb07aa77,True,gitignored frozen parent runs.jsonl
O-S1:C_en_context|C_bug|semantic|core,O-S1:C_en_context,semantic,C_bug,opencv/opencv#29565,274,1,1,0,0,,chunkdoc_5c0246623951b0e3,True,gitignored frozen parent runs.jsonl
O-S1:C_en_context|C_bug|semantic|core,O-S1:C_en_context,semantic,C_bug,opencv/opencv#29692,3461,9,1,0,0,,chunkdoc_650beead9aaf9644,True,gitignored frozen parent runs.jsonl
O-S1:C_en_context|C_bug|semantic|core,O-S1:C_en_context,semantic,C_bug,opencv/opencv#28469,488,2,1,0,0,,chunkdoc_fab3d530af5eccc1,True,gitignored frozen parent runs.jsonl
O-S1:C_en_context|C_bug|semantic|core,O-S1:C_en_context,semantic,C_bug,opencv/opencv#29794,7902,21,1,18,0,,chunkdoc_2d1c3a84cb07aa77,True,gitignored frozen parent runs.jsonl
O-S1:C_en_context|C_bug|semantic|core,O-S1:C_en_context,semantic,C_bug,opencv/opencv#28462,1023,3,1,2,0,,chunkdoc_eec28ac0c389ee13,True,gitignored frozen parent runs.jsonl
O-S2:A_ko_symptom|C_raw|hybrid|core,O-S2:A_ko_symptom,hybrid,C_raw,opencv/opencv#29278,887,3,1,0,0,,chunkdoc_50e4c4a9cf677e54,True,gitignored frozen parent runs.jsonl
O-S2:A_ko_symptom|C_raw|hybrid|core,O-S2:A_ko_symptom,hybrid,C_raw,opencv/opencv#28241,3379,9,1,8,0,,chunkdoc_840d2313298cce94,True,gitignored frozen parent runs.jsonl
O-S2:A_ko_symptom|C_raw|hybrid|core,O-S2:A_ko_symptom,hybrid,C_raw,opencv/opencv#29072,2191,6,1,4,0,,chunkdoc_ffb29c903a4a0ea5,True,gitignored frozen parent runs.jsonl
O-S2:A_ko_symptom|C_raw|hybrid|core,O-S2:A_ko_symptom,hybrid,C_raw,opencv/opencv#28382,11189,29,1,28,0,,chunkdoc_28869b102986dbd8,True,gitignored frozen parent runs.jsonl
O-S2:A_ko_symptom|C_raw|hybrid|core,O-S2:A_ko_symptom,hybrid,C_raw,opencv/opencv#29452,4999,13,1,3,0,,chunkdoc_fd052429b7fd3ba6,True,gitignored frozen parent runs.jsonl
O-S2:A_ko_symptom|C_raw|semantic|core,O-S2:A_ko_symptom,semantic,C_raw,opencv/opencv#29278,887,3,1,0,0,,chunkdoc_50e4c4a9cf677e54,True,gitignored frozen parent runs.jsonl
O-S2:A_ko_symptom|C_raw|semantic|core,O-S2:A_ko_symptom,semantic,C_raw,opencv/opencv#28382,11189,29,1,28,0,,chunkdoc_28869b102986dbd8,True,gitignored frozen parent runs.jsonl
O-S2:A_ko_symptom|C_raw|semantic|core,O-S2:A_ko_symptom,semantic,C_raw,opencv/opencv#28049,1371,4,1,3,0,,chunkdoc_585290b346f9bba2,True,gitignored frozen parent runs.jsonl
O-S2:A_ko_symptom|C_raw|semantic|core,O-S2:A_ko_symptom,semantic,C_raw,opencv/opencv#29072,2191,6,1,4,0,,chunkdoc_ffb29c903a4a0ea5,True,gitignored frozen parent runs.jsonl
O-S2:A_ko_symptom|C_raw|semantic|core,O-S2:A_ko_symptom,semantic,C_raw,opencv/opencv#28241,3379,9,1,8,0,,chunkdoc_840d2313298cce94,True,gitignored frozen parent runs.jsonl
O-S2:A_ko_symptom|C_bug|hybrid|core,O-S2:A_ko_symptom,hybrid,C_bug,opencv/opencv#29278,887,3,1,0,0,,chunkdoc_50e4c4a9cf677e54,True,gitignored frozen parent runs.jsonl
O-S2:A_ko_symptom|C_bug|hybrid|core,O-S2:A_ko_symptom,hybrid,C_bug,opencv/opencv#28241,3379,9,1,8,0,,chunkdoc_840d2313298cce94,True,gitignored frozen parent runs.jsonl
O-S2:A_ko_symptom|C_bug|hybrid|core,O-S2:A_ko_symptom,hybrid,C_bug,opencv/opencv#28382,11189,29,1,28,0,,chunkdoc_28869b102986dbd8,True,gitignored frozen parent runs.jsonl
O-S2:A_ko_symptom|C_bug|hybrid|core,O-S2:A_ko_symptom,hybrid,C_bug,opencv/opencv#29072,2191,6,1,4,0,,chunkdoc_ffb29c903a4a0ea5,True,gitignored frozen parent runs.jsonl
O-S2:A_ko_symptom|C_bug|hybrid|core,O-S2:A_ko_symptom,hybrid,C_bug,opencv/opencv#29452,4999,13,1,3,0,,chunkdoc_fd052429b7fd3ba6,True,gitignored frozen parent runs.jsonl
O-S2:A_ko_symptom|C_bug|semantic|core,O-S2:A_ko_symptom,semantic,C_bug,opencv/opencv#29278,887,3,1,0,0,,chunkdoc_50e4c4a9cf677e54,True,gitignored frozen parent runs.jsonl
O-S2:A_ko_symptom|C_bug|semantic|core,O-S2:A_ko_symptom,semantic,C_bug,opencv/opencv#28382,11189,29,1,28,0,,chunkdoc_28869b102986dbd8,True,gitignored frozen parent runs.jsonl
O-S2:A_ko_symptom|C_bug|semantic|core,O-S2:A_ko_symptom,semantic,C_bug,opencv/opencv#28049,1371,4,1,3,0,,chunkdoc_585290b346f9bba2,True,gitignored frozen parent runs.jsonl
O-S2:A_ko_symptom|C_bug|semantic|core,O-S2:A_ko_symptom,semantic,C_bug,opencv/opencv#29072,2191,6,1,4,0,,chunkdoc_ffb29c903a4a0ea5,True,gitignored frozen parent runs.jsonl
O-S2:A_ko_symptom|C_bug|semantic|core,O-S2:A_ko_symptom,semantic,C_bug,opencv/opencv#28241,3379,9,1,8,0,,chunkdoc_840d2313298cce94,True,gitignored frozen parent runs.jsonl
O-S2:B_ko_context|C_raw|hybrid|core,O-S2:B_ko_context,hybrid,C_raw,opencv/opencv#30090,381,1,1,0,0,,chunkdoc_85b66644c6aa24c7,True,gitignored frozen parent runs.jsonl
O-S2:B_ko_context|C_raw|hybrid|core,O-S2:B_ko_context,hybrid,C_raw,opencv/opencv#29263,371,1,1,0,0,,chunkdoc_41d48c7af6effa42,True,gitignored frozen parent runs.jsonl
O-S2:B_ko_context|C_raw|hybrid|core,O-S2:B_ko_context,hybrid,C_raw,opencv/opencv#29694,2178,6,1,0,0,,chunkdoc_61cc9667d4f0ebfe,True,gitignored frozen parent runs.jsonl
O-S2:B_ko_context|C_raw|hybrid|core,O-S2:B_ko_context,hybrid,C_raw,opencv/opencv#29072,2191,6,1,4,0,,chunkdoc_ffb29c903a4a0ea5,True,gitignored frozen parent runs.jsonl
O-S2:B_ko_context|C_raw|hybrid|core,O-S2:B_ko_context,hybrid,C_raw,opencv/opencv#28382,11189,29,1,28,0,,chunkdoc_28869b102986dbd8,True,gitignored frozen parent runs.jsonl
O-S2:B_ko_context|C_raw|semantic|core,O-S2:B_ko_context,semantic,C_raw,opencv/opencv#29278,887,3,1,0,0,,chunkdoc_50e4c4a9cf677e54,True,gitignored frozen parent runs.jsonl
O-S2:B_ko_context|C_raw|semantic|core,O-S2:B_ko_context,semantic,C_raw,opencv/opencv#30090,381,1,1,0,0,,chunkdoc_85b66644c6aa24c7,True,gitignored frozen parent runs.jsonl
O-S2:B_ko_context|C_raw|semantic|core,O-S2:B_ko_context,semantic,C_raw,opencv/opencv#29263,371,1,1,0,0,,chunkdoc_41d48c7af6effa42,True,gitignored frozen parent runs.jsonl
O-S2:B_ko_context|C_raw|semantic|core,O-S2:B_ko_context,semantic,C_raw,opencv/opencv#29694,2178,6,1,0,0,,chunkdoc_61cc9667d4f0ebfe,True,gitignored frozen parent runs.jsonl
O-S2:B_ko_context|C_raw|semantic|core,O-S2:B_ko_context,semantic,C_raw,opencv/opencv#29818,121,1,1,0,0,,chunkdoc_4682d387b6390c0d,True,gitignored frozen parent runs.jsonl
O-S2:B_ko_context|C_bug|hybrid|core,O-S2:B_ko_context,hybrid,C_bug,opencv/opencv#29072,2191,6,1,4,0,,chunkdoc_ffb29c903a4a0ea5,True,gitignored frozen parent runs.jsonl
O-S2:B_ko_context|C_bug|hybrid|core,O-S2:B_ko_context,hybrid,C_bug,opencv/opencv#29694,2178,6,1,0,0,,chunkdoc_61cc9667d4f0ebfe,True,gitignored frozen parent runs.jsonl
O-S2:B_ko_context|C_bug|hybrid|core,O-S2:B_ko_context,hybrid,C_bug,opencv/opencv#28382,11189,29,1,28,0,,chunkdoc_28869b102986dbd8,True,gitignored frozen parent runs.jsonl
O-S2:B_ko_context|C_bug|hybrid|core,O-S2:B_ko_context,hybrid,C_bug,opencv/opencv#28554,682,2,1,0,0,,chunkdoc_711c861f4e5ce723,True,gitignored frozen parent runs.jsonl
O-S2:B_ko_context|C_bug|hybrid|core,O-S2:B_ko_context,hybrid,C_bug,opencv/opencv#28241,3379,9,1,8,0,,chunkdoc_840d2313298cce94,True,gitignored frozen parent runs.jsonl
O-S2:B_ko_context|C_bug|semantic|core,O-S2:B_ko_context,semantic,C_bug,opencv/opencv#29278,887,3,1,0,0,,chunkdoc_50e4c4a9cf677e54,True,gitignored frozen parent runs.jsonl
O-S2:B_ko_context|C_bug|semantic|core,O-S2:B_ko_context,semantic,C_bug,opencv/opencv#29694,2178,6,1,0,0,,chunkdoc_61cc9667d4f0ebfe,True,gitignored frozen parent runs.jsonl
O-S2:B_ko_context|C_bug|semantic|core,O-S2:B_ko_context,semantic,C_bug,opencv/opencv#28904,1280,4,1,3,0,,chunkdoc_52dca3ee82057ab2,True,gitignored frozen parent runs.jsonl
O-S2:B_ko_context|C_bug|semantic|core,O-S2:B_ko_context,semantic,C_bug,opencv/opencv#28554,682,2,1,0,0,,chunkdoc_711c861f4e5ce723,True,gitignored frozen parent runs.jsonl
O-S2:B_ko_context|C_bug|semantic|core,O-S2:B_ko_context,semantic,C_bug,opencv/opencv#29325,2349,6,1,2,0,,chunkdoc_3871dad78ce8d99d,False,gitignored frozen parent runs.jsonl
O-S2:C_en_context|C_raw|semantic|core,O-S2:C_en_context,semantic,C_raw,opencv/opencv#30090,381,1,1,0,0,,chunkdoc_85b66644c6aa24c7,True,gitignored frozen parent runs.jsonl
O-S2:C_en_context|C_raw|semantic|core,O-S2:C_en_context,semantic,C_raw,opencv/opencv#29263,371,1,1,0,0,,chunkdoc_41d48c7af6effa42,True,gitignored frozen parent runs.jsonl
O-S2:C_en_context|C_raw|semantic|core,O-S2:C_en_context,semantic,C_raw,opencv/opencv#28549,530,2,1,1,0,,chunkdoc_3e57e46eb7fd8760,True,gitignored frozen parent runs.jsonl
O-S2:C_en_context|C_raw|semantic|core,O-S2:C_en_context,semantic,C_raw,opencv/opencv#28321,886,3,1,2,0,,chunkdoc_cff4baa95e992b1c,True,gitignored frozen parent runs.jsonl
O-S2:C_en_context|C_raw|semantic|core,O-S2:C_en_context,semantic,C_raw,opencv/opencv#28904,1280,4,1,3,0,,chunkdoc_52dca3ee82057ab2,True,gitignored frozen parent runs.jsonl
O-S2:C_en_context|C_raw|hybrid|core,O-S2:C_en_context,hybrid,C_raw,opencv/opencv#30090,381,1,1,0,0,,chunkdoc_85b66644c6aa24c7,True,gitignored frozen parent runs.jsonl
O-S2:C_en_context|C_raw|hybrid|core,O-S2:C_en_context,hybrid,C_raw,opencv/opencv#29263,371,1,1,0,0,,chunkdoc_41d48c7af6effa42,True,gitignored frozen parent runs.jsonl
O-S2:C_en_context|C_raw|hybrid|core,O-S2:C_en_context,hybrid,C_raw,opencv/opencv#29694,2178,6,1,5,0,,chunkdoc_61cc9667d4f0ebfe,False,gitignored frozen parent runs.jsonl
O-S2:C_en_context|C_raw|hybrid|core,O-S2:C_en_context,hybrid,C_raw,opencv/opencv#28549,530,2,1,1,0,,chunkdoc_3e57e46eb7fd8760,True,gitignored frozen parent runs.jsonl
O-S2:C_en_context|C_raw|hybrid|core,O-S2:C_en_context,hybrid,C_raw,opencv/opencv#30017,2169,6,1,2,0,,chunkdoc_5b0f191520b24a40,False,gitignored frozen parent runs.jsonl
O-S2:C_en_context|C_bug|semantic|core,O-S2:C_en_context,semantic,C_bug,opencv/opencv#28549,530,2,1,1,0,,chunkdoc_3e57e46eb7fd8760,True,gitignored frozen parent runs.jsonl
O-S2:C_en_context|C_bug|semantic|core,O-S2:C_en_context,semantic,C_bug,opencv/opencv#28321,886,3,1,2,0,,chunkdoc_cff4baa95e992b1c,True,gitignored frozen parent runs.jsonl
O-S2:C_en_context|C_bug|semantic|core,O-S2:C_en_context,semantic,C_bug,opencv/opencv#28904,1280,4,1,3,0,,chunkdoc_52dca3ee82057ab2,True,gitignored frozen parent runs.jsonl
O-S2:C_en_context|C_bug|semantic|core,O-S2:C_en_context,semantic,C_bug,opencv/opencv#29342,3427,9,1,8,0,,chunkdoc_5da4d5ded64036dc,True,gitignored frozen parent runs.jsonl
O-S2:C_en_context|C_bug|semantic|core,O-S2:C_en_context,semantic,C_bug,opencv/opencv#29694,2178,6,1,5,0,,chunkdoc_61cc9667d4f0ebfe,False,gitignored frozen parent runs.jsonl
O-S2:C_en_context|C_bug|hybrid|core,O-S2:C_en_context,hybrid,C_bug,opencv/opencv#28549,530,2,1,1,0,,chunkdoc_3e57e46eb7fd8760,True,gitignored frozen parent runs.jsonl
O-S2:C_en_context|C_bug|hybrid|core,O-S2:C_en_context,hybrid,C_bug,opencv/opencv#29694,2178,6,1,5,0,,chunkdoc_61cc9667d4f0ebfe,False,gitignored frozen parent runs.jsonl
O-S2:C_en_context|C_bug|hybrid|core,O-S2:C_en_context,hybrid,C_bug,opencv/opencv#29279,2241,6,1,5,0,,chunkdoc_55cf7326356b5c4b,True,gitignored frozen parent runs.jsonl
O-S2:C_en_context|C_bug|hybrid|core,O-S2:C_en_context,hybrid,C_bug,opencv/opencv#29703,1898,5,1,4,0,,chunkdoc_08f20b636945c0a4,True,gitignored frozen parent runs.jsonl
O-S2:C_en_context|C_bug|hybrid|core,O-S2:C_en_context,hybrid,C_bug,opencv/opencv#29342,3427,9,1,8,0,,chunkdoc_5da4d5ded64036dc,True,gitignored frozen parent runs.jsonl
O-C1:A_ko_symptom|C_raw|semantic|core,O-C1:A_ko_symptom,semantic,C_raw,opencv/opencv#29278,887,3,1,0,0,,chunkdoc_50e4c4a9cf677e54,True,gitignored frozen parent runs.jsonl
O-C1:A_ko_symptom|C_raw|semantic|core,O-C1:A_ko_symptom,semantic,C_raw,opencv/opencv#28207,2600,7,1,1,0,,chunkdoc_4e1ae1899076d64a,True,gitignored frozen parent runs.jsonl
O-C1:A_ko_symptom|C_raw|semantic|core,O-C1:A_ko_symptom,semantic,C_raw,opencv/opencv#29458,2587,7,1,6,0,,chunkdoc_2650fb244df3ba2e,True,gitignored frozen parent runs.jsonl
O-C1:A_ko_symptom|C_raw|semantic|core,O-C1:A_ko_symptom,semantic,C_raw,opencv/opencv#29265,13260,35,1,4,0,,chunkdoc_8bb5b55085ffeaf5,True,gitignored frozen parent runs.jsonl
O-C1:A_ko_symptom|C_raw|semantic|core,O-C1:A_ko_symptom,semantic,C_raw,opencv/opencv#29325,2349,6,1,2,0,,chunkdoc_3871dad78ce8d99d,False,gitignored frozen parent runs.jsonl
O-C1:A_ko_symptom|C_raw|hybrid|core,O-C1:A_ko_symptom,hybrid,C_raw,opencv/opencv#28207,2600,7,1,1,0,,chunkdoc_4e1ae1899076d64a,True,gitignored frozen parent runs.jsonl
O-C1:A_ko_symptom|C_raw|hybrid|core,O-C1:A_ko_symptom,hybrid,C_raw,opencv/opencv#29265,13260,35,1,4,0,,chunkdoc_8bb5b55085ffeaf5,True,gitignored frozen parent runs.jsonl
O-C1:A_ko_symptom|C_raw|hybrid|core,O-C1:A_ko_symptom,hybrid,C_raw,opencv/opencv#28784,18773,49,1,48,0,,chunkdoc_4b4268aa95d77d61,True,gitignored frozen parent runs.jsonl
O-C1:A_ko_symptom|C_raw|hybrid|core,O-C1:A_ko_symptom,hybrid,C_raw,opencv/opencv#29634,4365,12,1,11,0,,chunkdoc_fb4a0c3c5db93fc6,True,gitignored frozen parent runs.jsonl
O-C1:A_ko_symptom|C_raw|hybrid|core,O-C1:A_ko_symptom,hybrid,C_raw,opencv/opencv#28241,3379,9,1,8,0,,chunkdoc_840d2313298cce94,True,gitignored frozen parent runs.jsonl
O-C1:A_ko_symptom|C_bug|semantic|core,O-C1:A_ko_symptom,semantic,C_bug,opencv/opencv#29278,887,3,1,0,0,,chunkdoc_50e4c4a9cf677e54,True,gitignored frozen parent runs.jsonl
O-C1:A_ko_symptom|C_bug|semantic|core,O-C1:A_ko_symptom,semantic,C_bug,opencv/opencv#28207,2600,7,1,1,0,,chunkdoc_4e1ae1899076d64a,True,gitignored frozen parent runs.jsonl
O-C1:A_ko_symptom|C_bug|semantic|core,O-C1:A_ko_symptom,semantic,C_bug,opencv/opencv#29458,2587,7,1,6,0,,chunkdoc_2650fb244df3ba2e,True,gitignored frozen parent runs.jsonl
O-C1:A_ko_symptom|C_bug|semantic|core,O-C1:A_ko_symptom,semantic,C_bug,opencv/opencv#29265,13260,35,1,4,0,,chunkdoc_8bb5b55085ffeaf5,True,gitignored frozen parent runs.jsonl
O-C1:A_ko_symptom|C_bug|semantic|core,O-C1:A_ko_symptom,semantic,C_bug,opencv/opencv#29325,2349,6,1,2,0,,chunkdoc_3871dad78ce8d99d,False,gitignored frozen parent runs.jsonl
O-C1:A_ko_symptom|C_bug|hybrid|core,O-C1:A_ko_symptom,hybrid,C_bug,opencv/opencv#28207,2600,7,1,1,0,,chunkdoc_4e1ae1899076d64a,True,gitignored frozen parent runs.jsonl
O-C1:A_ko_symptom|C_bug|hybrid|core,O-C1:A_ko_symptom,hybrid,C_bug,opencv/opencv#29265,13260,35,1,4,0,,chunkdoc_8bb5b55085ffeaf5,True,gitignored frozen parent runs.jsonl
O-C1:A_ko_symptom|C_bug|hybrid|core,O-C1:A_ko_symptom,hybrid,C_bug,opencv/opencv#28784,18773,49,1,48,0,,chunkdoc_4b4268aa95d77d61,True,gitignored frozen parent runs.jsonl
O-C1:A_ko_symptom|C_bug|hybrid|core,O-C1:A_ko_symptom,hybrid,C_bug,opencv/opencv#28241,3379,9,1,8,0,,chunkdoc_840d2313298cce94,True,gitignored frozen parent runs.jsonl
O-C1:A_ko_symptom|C_bug|hybrid|core,O-C1:A_ko_symptom,hybrid,C_bug,opencv/opencv#28952,2082,6,1,4,0,,chunkdoc_ae6c77487ab7c3db,True,gitignored frozen parent runs.jsonl
O-C1:B_ko_context|C_raw|semantic|core,O-C1:B_ko_context,semantic,C_raw,opencv/opencv#28207,2600,7,1,6,0,,chunkdoc_4e1ae1899076d64a,False,gitignored frozen parent runs.jsonl
O-C1:B_ko_context|C_raw|semantic|core,O-C1:B_ko_context,semantic,C_raw,opencv/opencv#30017,2169,6,1,0,0,,chunkdoc_5b0f191520b24a40,True,gitignored frozen parent runs.jsonl
O-C1:B_ko_context|C_raw|semantic|core,O-C1:B_ko_context,semantic,C_raw,opencv/opencv#29458,2587,7,1,6,0,,chunkdoc_2650fb244df3ba2e,True,gitignored frozen parent runs.jsonl
O-C1:B_ko_context|C_raw|semantic|core,O-C1:B_ko_context,semantic,C_raw,opencv/opencv#28784,18773,49,1,48,0,,chunkdoc_4b4268aa95d77d61,True,gitignored frozen parent runs.jsonl
O-C1:B_ko_context|C_raw|semantic|core,O-C1:B_ko_context,semantic,C_raw,opencv/opencv#29325,2349,6,1,2,0,,chunkdoc_3871dad78ce8d99d,False,gitignored frozen parent runs.jsonl
O-C1:B_ko_context|C_raw|hybrid|core,O-C1:B_ko_context,hybrid,C_raw,opencv/opencv#28207,2600,7,1,6,0,,chunkdoc_4e1ae1899076d64a,False,gitignored frozen parent runs.jsonl
O-C1:B_ko_context|C_raw|hybrid|core,O-C1:B_ko_context,hybrid,C_raw,opencv/opencv#30017,2169,6,1,0,0,,chunkdoc_5b0f191520b24a40,True,gitignored frozen parent runs.jsonl
O-C1:B_ko_context|C_raw|hybrid|core,O-C1:B_ko_context,hybrid,C_raw,opencv/opencv#29722,1249,4,1,0,0,,chunkdoc_cce230029f261ed8,True,gitignored frozen parent runs.jsonl
O-C1:B_ko_context|C_raw|hybrid|core,O-C1:B_ko_context,hybrid,C_raw,opencv/opencv#29699,1278,4,1,0,0,,chunkdoc_5a19a7dbad43c82b,True,gitignored frozen parent runs.jsonl
O-C1:B_ko_context|C_raw|hybrid|core,O-C1:B_ko_context,hybrid,C_raw,opencv/opencv#29325,2349,6,1,2,0,,chunkdoc_3871dad78ce8d99d,False,gitignored frozen parent runs.jsonl
O-C1:B_ko_context|C_bug|semantic|core,O-C1:B_ko_context,semantic,C_bug,opencv/opencv#28207,2600,7,1,6,0,,chunkdoc_4e1ae1899076d64a,False,gitignored frozen parent runs.jsonl
O-C1:B_ko_context|C_bug|semantic|core,O-C1:B_ko_context,semantic,C_bug,opencv/opencv#29458,2587,7,1,6,0,,chunkdoc_2650fb244df3ba2e,True,gitignored frozen parent runs.jsonl
O-C1:B_ko_context|C_bug|semantic|core,O-C1:B_ko_context,semantic,C_bug,opencv/opencv#28784,18773,49,1,48,0,,chunkdoc_4b4268aa95d77d61,True,gitignored frozen parent runs.jsonl
O-C1:B_ko_context|C_bug|semantic|core,O-C1:B_ko_context,semantic,C_bug,opencv/opencv#29325,2349,6,1,2,0,,chunkdoc_3871dad78ce8d99d,False,gitignored frozen parent runs.jsonl
O-C1:B_ko_context|C_bug|semantic|core,O-C1:B_ko_context,semantic,C_bug,opencv/opencv#29166,664,2,1,1,0,,chunkdoc_34d7021a325788ef,True,gitignored frozen parent runs.jsonl
O-C1:B_ko_context|C_bug|hybrid|core,O-C1:B_ko_context,hybrid,C_bug,opencv/opencv#28207,2600,7,1,6,0,,chunkdoc_4e1ae1899076d64a,False,gitignored frozen parent runs.jsonl
O-C1:B_ko_context|C_bug|hybrid|core,O-C1:B_ko_context,hybrid,C_bug,opencv/opencv#29699,1278,4,1,0,0,,chunkdoc_5a19a7dbad43c82b,True,gitignored frozen parent runs.jsonl
O-C1:B_ko_context|C_bug|hybrid|core,O-C1:B_ko_context,hybrid,C_bug,opencv/opencv#29325,2349,6,1,2,0,,chunkdoc_3871dad78ce8d99d,False,gitignored frozen parent runs.jsonl
O-C1:B_ko_context|C_bug|hybrid|core,O-C1:B_ko_context,hybrid,C_bug,opencv/opencv#28629,3095,8,1,5,0,,chunkdoc_87406a77263281fa,True,gitignored frozen parent runs.jsonl
O-C1:B_ko_context|C_bug|hybrid|core,O-C1:B_ko_context,hybrid,C_bug,opencv/opencv#28638,1077,3,1,2,0,,chunkdoc_b90e5f4b88e7cf96,True,gitignored frozen parent runs.jsonl
O-C1:C_en_context|C_raw|hybrid|core,O-C1:C_en_context,hybrid,C_raw,opencv/opencv#28207,2600,7,1,0,0,,chunkdoc_4e1ae1899076d64a,False,gitignored frozen parent runs.jsonl
O-C1:C_en_context|C_raw|hybrid|core,O-C1:C_en_context,hybrid,C_raw,opencv/opencv#30017,2169,6,1,0,0,,chunkdoc_5b0f191520b24a40,True,gitignored frozen parent runs.jsonl
O-C1:C_en_context|C_raw|hybrid|core,O-C1:C_en_context,hybrid,C_raw,opencv/opencv#29722,1249,4,1,0,0,,chunkdoc_cce230029f261ed8,True,gitignored frozen parent runs.jsonl
O-C1:C_en_context|C_raw|hybrid|core,O-C1:C_en_context,hybrid,C_raw,opencv/opencv#28638,1077,3,1,2,0,,chunkdoc_b90e5f4b88e7cf96,True,gitignored frozen parent runs.jsonl
O-C1:C_en_context|C_raw|hybrid|core,O-C1:C_en_context,hybrid,C_raw,opencv/opencv#29699,1278,4,1,2,0,,chunkdoc_5a19a7dbad43c82b,False,gitignored frozen parent runs.jsonl
O-C1:C_en_context|C_raw|semantic|core,O-C1:C_en_context,semantic,C_raw,opencv/opencv#28207,2600,7,1,0,0,,chunkdoc_4e1ae1899076d64a,False,gitignored frozen parent runs.jsonl
O-C1:C_en_context|C_raw|semantic|core,O-C1:C_en_context,semantic,C_raw,opencv/opencv#29722,1249,4,1,0,0,,chunkdoc_cce230029f261ed8,True,gitignored frozen parent runs.jsonl
O-C1:C_en_context|C_raw|semantic|core,O-C1:C_en_context,semantic,C_raw,opencv/opencv#30017,2169,6,1,0,0,,chunkdoc_5b0f191520b24a40,True,gitignored frozen parent runs.jsonl
O-C1:C_en_context|C_raw|semantic|core,O-C1:C_en_context,semantic,C_raw,opencv/opencv#29458,2587,7,1,6,0,,chunkdoc_2650fb244df3ba2e,True,gitignored frozen parent runs.jsonl
O-C1:C_en_context|C_raw|semantic|core,O-C1:C_en_context,semantic,C_raw,opencv/opencv#28638,1077,3,1,2,0,,chunkdoc_b90e5f4b88e7cf96,True,gitignored frozen parent runs.jsonl
O-C1:C_en_context|C_bug|hybrid|core,O-C1:C_en_context,hybrid,C_bug,opencv/opencv#28207,2600,7,1,0,0,,chunkdoc_4e1ae1899076d64a,False,gitignored frozen parent runs.jsonl
O-C1:C_en_context|C_bug|hybrid|core,O-C1:C_en_context,hybrid,C_bug,opencv/opencv#28638,1077,3,1,2,0,,chunkdoc_b90e5f4b88e7cf96,True,gitignored frozen parent runs.jsonl
O-C1:C_en_context|C_bug|hybrid|core,O-C1:C_en_context,hybrid,C_bug,opencv/opencv#29699,1278,4,1,2,0,,chunkdoc_5a19a7dbad43c82b,False,gitignored frozen parent runs.jsonl
O-C1:C_en_context|C_bug|hybrid|core,O-C1:C_en_context,hybrid,C_bug,opencv/opencv#28831,1053,3,1,0,0,,chunkdoc_1e131433ac6de20b,True,gitignored frozen parent runs.jsonl
O-C1:C_en_context|C_bug|hybrid|core,O-C1:C_en_context,hybrid,C_bug,opencv/opencv#28608,2250,6,1,3,0,,chunkdoc_6ac421e511bc6c20,True,gitignored frozen parent runs.jsonl
O-C1:C_en_context|C_bug|semantic|core,O-C1:C_en_context,semantic,C_bug,opencv/opencv#28207,2600,7,1,0,0,,chunkdoc_4e1ae1899076d64a,False,gitignored frozen parent runs.jsonl
O-C1:C_en_context|C_bug|semantic|core,O-C1:C_en_context,semantic,C_bug,opencv/opencv#29458,2587,7,1,6,0,,chunkdoc_2650fb244df3ba2e,True,gitignored frozen parent runs.jsonl
O-C1:C_en_context|C_bug|semantic|core,O-C1:C_en_context,semantic,C_bug,opencv/opencv#28638,1077,3,1,2,0,,chunkdoc_b90e5f4b88e7cf96,True,gitignored frozen parent runs.jsonl
O-C1:C_en_context|C_bug|semantic|core,O-C1:C_en_context,semantic,C_bug,opencv/opencv#28598,2180,6,1,5,0,,chunkdoc_81309f7d0e16c574,False,gitignored frozen parent runs.jsonl
O-C1:C_en_context|C_bug|semantic|core,O-C1:C_en_context,semantic,C_bug,opencv/opencv#29166,664,2,1,1,0,,chunkdoc_34d7021a325788ef,True,gitignored frozen parent runs.jsonl
O-C2:A_ko_symptom|C_raw|hybrid|core,O-C2:A_ko_symptom,hybrid,C_raw,opencv/opencv#29636,1673,5,1,2,0,,chunkdoc_d80a94fec9957414,True,gitignored frozen parent runs.jsonl
O-C2:A_ko_symptom|C_raw|hybrid|core,O-C2:A_ko_symptom,hybrid,C_raw,opencv/opencv#28783,487,2,1,0,0,,chunkdoc_37a68ca9dbda6522,True,gitignored frozen parent runs.jsonl
O-C2:A_ko_symptom|C_raw|hybrid|core,O-C2:A_ko_symptom,hybrid,C_raw,opencv/opencv#28953,1941,5,1,1,0,,chunkdoc_b8f9d7344833815e,True,gitignored frozen parent runs.jsonl
O-C2:A_ko_symptom|C_raw|hybrid|core,O-C2:A_ko_symptom,hybrid,C_raw,opencv/opencv#28512,726,2,1,1,0,,chunkdoc_806ef4905e835611,True,gitignored frozen parent runs.jsonl
O-C2:A_ko_symptom|C_raw|hybrid|core,O-C2:A_ko_symptom,hybrid,C_raw,opencv/opencv#29265,13260,35,1,28,0,,chunkdoc_8bb5b55085ffeaf5,False,gitignored frozen parent runs.jsonl
O-C2:A_ko_symptom|C_raw|semantic|core,O-C2:A_ko_symptom,semantic,C_raw,opencv/opencv#28512,726,2,1,1,0,,chunkdoc_806ef4905e835611,True,gitignored frozen parent runs.jsonl
O-C2:A_ko_symptom|C_raw|semantic|core,O-C2:A_ko_symptom,semantic,C_raw,opencv/opencv#29636,1673,5,1,2,0,,chunkdoc_d80a94fec9957414,True,gitignored frozen parent runs.jsonl
O-C2:A_ko_symptom|C_raw|semantic|core,O-C2:A_ko_symptom,semantic,C_raw,opencv/opencv#29265,13260,35,1,28,0,,chunkdoc_8bb5b55085ffeaf5,False,gitignored frozen parent runs.jsonl
O-C2:A_ko_symptom|C_raw|semantic|core,O-C2:A_ko_symptom,semantic,C_raw,opencv/opencv#29278,887,3,1,0,0,,chunkdoc_50e4c4a9cf677e54,True,gitignored frozen parent runs.jsonl
O-C2:A_ko_symptom|C_raw|semantic|core,O-C2:A_ko_symptom,semantic,C_raw,opencv/opencv#28325,6121,16,1,13,0,,chunkdoc_1b113598d8be1f8b,True,gitignored frozen parent runs.jsonl
O-C2:A_ko_symptom|C_bug|hybrid|core,O-C2:A_ko_symptom,hybrid,C_bug,opencv/opencv#29636,1673,5,1,2,0,,chunkdoc_d80a94fec9957414,True,gitignored frozen parent runs.jsonl
O-C2:A_ko_symptom|C_bug|hybrid|core,O-C2:A_ko_symptom,hybrid,C_bug,opencv/opencv#28783,487,2,1,0,0,,chunkdoc_37a68ca9dbda6522,True,gitignored frozen parent runs.jsonl
O-C2:A_ko_symptom|C_bug|hybrid|core,O-C2:A_ko_symptom,hybrid,C_bug,opencv/opencv#28512,726,2,1,1,0,,chunkdoc_806ef4905e835611,True,gitignored frozen parent runs.jsonl
O-C2:A_ko_symptom|C_bug|hybrid|core,O-C2:A_ko_symptom,hybrid,C_bug,opencv/opencv#29265,13260,35,1,28,0,,chunkdoc_8bb5b55085ffeaf5,False,gitignored frozen parent runs.jsonl
O-C2:A_ko_symptom|C_bug|hybrid|core,O-C2:A_ko_symptom,hybrid,C_bug,opencv/opencv#29692,3461,9,1,0,0,,chunkdoc_650beead9aaf9644,True,gitignored frozen parent runs.jsonl
O-C2:A_ko_symptom|C_bug|semantic|core,O-C2:A_ko_symptom,semantic,C_bug,opencv/opencv#28512,726,2,1,1,0,,chunkdoc_806ef4905e835611,True,gitignored frozen parent runs.jsonl
O-C2:A_ko_symptom|C_bug|semantic|core,O-C2:A_ko_symptom,semantic,C_bug,opencv/opencv#29636,1673,5,1,2,0,,chunkdoc_d80a94fec9957414,True,gitignored frozen parent runs.jsonl
O-C2:A_ko_symptom|C_bug|semantic|core,O-C2:A_ko_symptom,semantic,C_bug,opencv/opencv#29265,13260,35,1,28,0,,chunkdoc_8bb5b55085ffeaf5,False,gitignored frozen parent runs.jsonl
O-C2:A_ko_symptom|C_bug|semantic|core,O-C2:A_ko_symptom,semantic,C_bug,opencv/opencv#29278,887,3,1,0,0,,chunkdoc_50e4c4a9cf677e54,True,gitignored frozen parent runs.jsonl
O-C2:A_ko_symptom|C_bug|semantic|core,O-C2:A_ko_symptom,semantic,C_bug,opencv/opencv#28028,565,2,1,0,0,,chunkdoc_f5ea18fdcd6aff8b,True,gitignored frozen parent runs.jsonl
O-C2:B_ko_context|C_raw|hybrid|core,O-C2:B_ko_context,hybrid,C_raw,opencv/opencv#29636,1673,5,1,0,0,,chunkdoc_d80a94fec9957414,False,gitignored frozen parent runs.jsonl
O-C2:B_ko_context|C_raw|hybrid|core,O-C2:B_ko_context,hybrid,C_raw,opencv/opencv#28953,1941,5,1,1,0,,chunkdoc_b8f9d7344833815e,True,gitignored frozen parent runs.jsonl
O-C2:B_ko_context|C_raw|hybrid|core,O-C2:B_ko_context,hybrid,C_raw,opencv/opencv#29692,3461,9,1,0,0,,chunkdoc_650beead9aaf9644,True,gitignored frozen parent runs.jsonl
O-C2:B_ko_context|C_raw|hybrid|core,O-C2:B_ko_context,hybrid,C_raw,opencv/opencv#28783,487,2,1,0,0,,chunkdoc_37a68ca9dbda6522,True,gitignored frozen parent runs.jsonl
O-C2:B_ko_context|C_raw|hybrid|core,O-C2:B_ko_context,hybrid,C_raw,opencv/opencv#29435,1041,3,1,2,0,,chunkdoc_858b8689a835967f,True,gitignored frozen parent runs.jsonl
O-C2:B_ko_context|C_raw|semantic|core,O-C2:B_ko_context,semantic,C_raw,opencv/opencv#29636,1673,5,1,0,0,,chunkdoc_d80a94fec9957414,False,gitignored frozen parent runs.jsonl
O-C2:B_ko_context|C_raw|semantic|core,O-C2:B_ko_context,semantic,C_raw,opencv/opencv#28512,726,2,1,1,0,,chunkdoc_806ef4905e835611,True,gitignored frozen parent runs.jsonl
O-C2:B_ko_context|C_raw|semantic|core,O-C2:B_ko_context,semantic,C_raw,opencv/opencv#29692,3461,9,1,0,0,,chunkdoc_650beead9aaf9644,True,gitignored frozen parent runs.jsonl
O-C2:B_ko_context|C_raw|semantic|core,O-C2:B_ko_context,semantic,C_raw,opencv/opencv#28241,3379,9,1,1,0,,chunkdoc_840d2313298cce94,False,gitignored frozen parent runs.jsonl
O-C2:B_ko_context|C_raw|semantic|core,O-C2:B_ko_context,semantic,C_raw,opencv/opencv#28953,1941,5,1,1,0,,chunkdoc_b8f9d7344833815e,True,gitignored frozen parent runs.jsonl
O-C2:B_ko_context|C_bug|hybrid|core,O-C2:B_ko_context,hybrid,C_bug,opencv/opencv#29636,1673,5,1,0,0,,chunkdoc_d80a94fec9957414,False,gitignored frozen parent runs.jsonl
O-C2:B_ko_context|C_bug|hybrid|core,O-C2:B_ko_context,hybrid,C_bug,opencv/opencv#29692,3461,9,1,0,0,,chunkdoc_650beead9aaf9644,True,gitignored frozen parent runs.jsonl
O-C2:B_ko_context|C_bug|hybrid|core,O-C2:B_ko_context,hybrid,C_bug,opencv/opencv#28783,487,2,1,0,0,,chunkdoc_37a68ca9dbda6522,True,gitignored frozen parent runs.jsonl
O-C2:B_ko_context|C_bug|hybrid|core,O-C2:B_ko_context,hybrid,C_bug,opencv/opencv#29435,1041,3,1,2,0,,chunkdoc_858b8689a835967f,True,gitignored frozen parent runs.jsonl
O-C2:B_ko_context|C_bug|hybrid|core,O-C2:B_ko_context,hybrid,C_bug,opencv/opencv#28241,3379,9,1,1,0,,chunkdoc_840d2313298cce94,False,gitignored frozen parent runs.jsonl
O-C2:B_ko_context|C_bug|semantic|core,O-C2:B_ko_context,semantic,C_bug,opencv/opencv#29636,1673,5,1,0,0,,chunkdoc_d80a94fec9957414,False,gitignored frozen parent runs.jsonl
O-C2:B_ko_context|C_bug|semantic|core,O-C2:B_ko_context,semantic,C_bug,opencv/opencv#28512,726,2,1,1,0,,chunkdoc_806ef4905e835611,True,gitignored frozen parent runs.jsonl
O-C2:B_ko_context|C_bug|semantic|core,O-C2:B_ko_context,semantic,C_bug,opencv/opencv#29692,3461,9,1,0,0,,chunkdoc_650beead9aaf9644,True,gitignored frozen parent runs.jsonl
O-C2:B_ko_context|C_bug|semantic|core,O-C2:B_ko_context,semantic,C_bug,opencv/opencv#28241,3379,9,1,1,0,,chunkdoc_840d2313298cce94,False,gitignored frozen parent runs.jsonl
O-C2:B_ko_context|C_bug|semantic|core,O-C2:B_ko_context,semantic,C_bug,opencv/opencv#29278,887,3,1,0,0,,chunkdoc_50e4c4a9cf677e54,True,gitignored frozen parent runs.jsonl
O-C2:C_en_context|C_raw|hybrid|core,O-C2:C_en_context,hybrid,C_raw,opencv/opencv#29636,1673,5,1,0,0,,chunkdoc_d80a94fec9957414,False,gitignored frozen parent runs.jsonl
O-C2:C_en_context|C_raw|hybrid|core,O-C2:C_en_context,hybrid,C_raw,opencv/opencv#28953,1941,5,1,1,0,,chunkdoc_b8f9d7344833815e,True,gitignored frozen parent runs.jsonl
O-C2:C_en_context|C_raw|hybrid|core,O-C2:C_en_context,hybrid,C_raw,opencv/opencv#28028,565,2,1,1,0,,chunkdoc_f5ea18fdcd6aff8b,False,gitignored frozen parent runs.jsonl
O-C2:C_en_context|C_raw|hybrid|core,O-C2:C_en_context,hybrid,C_raw,opencv/opencv#28783,487,2,1,0,0,,chunkdoc_37a68ca9dbda6522,True,gitignored frozen parent runs.jsonl
O-C2:C_en_context|C_raw|hybrid|core,O-C2:C_en_context,hybrid,C_raw,opencv/opencv#29692,3461,9,1,0,0,,chunkdoc_650beead9aaf9644,True,gitignored frozen parent runs.jsonl
O-C2:C_en_context|C_raw|semantic|core,O-C2:C_en_context,semantic,C_raw,opencv/opencv#29636,1673,5,1,0,0,,chunkdoc_d80a94fec9957414,False,gitignored frozen parent runs.jsonl
O-C2:C_en_context|C_raw|semantic|core,O-C2:C_en_context,semantic,C_raw,opencv/opencv#28028,565,2,1,1,0,,chunkdoc_f5ea18fdcd6aff8b,False,gitignored frozen parent runs.jsonl
O-C2:C_en_context|C_raw|semantic|core,O-C2:C_en_context,semantic,C_raw,opencv/opencv#28953,1941,5,1,1,0,,chunkdoc_b8f9d7344833815e,True,gitignored frozen parent runs.jsonl
O-C2:C_en_context|C_raw|semantic|core,O-C2:C_en_context,semantic,C_raw,opencv/opencv#28512,726,2,1,1,0,,chunkdoc_806ef4905e835611,True,gitignored frozen parent runs.jsonl
O-C2:C_en_context|C_raw|semantic|core,O-C2:C_en_context,semantic,C_raw,opencv/opencv#29692,3461,9,1,0,0,,chunkdoc_650beead9aaf9644,True,gitignored frozen parent runs.jsonl
O-C2:C_en_context|C_bug|hybrid|core,O-C2:C_en_context,hybrid,C_bug,opencv/opencv#29636,1673,5,1,0,0,,chunkdoc_d80a94fec9957414,False,gitignored frozen parent runs.jsonl
O-C2:C_en_context|C_bug|hybrid|core,O-C2:C_en_context,hybrid,C_bug,opencv/opencv#28028,565,2,1,1,0,,chunkdoc_f5ea18fdcd6aff8b,False,gitignored frozen parent runs.jsonl
O-C2:C_en_context|C_bug|hybrid|core,O-C2:C_en_context,hybrid,C_bug,opencv/opencv#28783,487,2,1,0,0,,chunkdoc_37a68ca9dbda6522,True,gitignored frozen parent runs.jsonl
O-C2:C_en_context|C_bug|hybrid|core,O-C2:C_en_context,hybrid,C_bug,opencv/opencv#29692,3461,9,1,0,0,,chunkdoc_650beead9aaf9644,True,gitignored frozen parent runs.jsonl
O-C2:C_en_context|C_bug|hybrid|core,O-C2:C_en_context,hybrid,C_bug,opencv/opencv#28512,726,2,1,1,0,,chunkdoc_806ef4905e835611,True,gitignored frozen parent runs.jsonl
O-C2:C_en_context|C_bug|semantic|core,O-C2:C_en_context,semantic,C_bug,opencv/opencv#29636,1673,5,1,0,0,,chunkdoc_d80a94fec9957414,False,gitignored frozen parent runs.jsonl
O-C2:C_en_context|C_bug|semantic|core,O-C2:C_en_context,semantic,C_bug,opencv/opencv#28028,565,2,1,1,0,,chunkdoc_f5ea18fdcd6aff8b,False,gitignored frozen parent runs.jsonl
O-C2:C_en_context|C_bug|semantic|core,O-C2:C_en_context,semantic,C_bug,opencv/opencv#28512,726,2,1,1,0,,chunkdoc_806ef4905e835611,True,gitignored frozen parent runs.jsonl
O-C2:C_en_context|C_bug|semantic|core,O-C2:C_en_context,semantic,C_bug,opencv/opencv#29692,3461,9,1,0,0,,chunkdoc_650beead9aaf9644,True,gitignored frozen parent runs.jsonl
O-C2:C_en_context|C_bug|semantic|core,O-C2:C_en_context,semantic,C_bug,opencv/opencv#28783,487,2,1,0,0,,chunkdoc_37a68ca9dbda6522,True,gitignored frozen parent runs.jsonl
T-E1:A_ko_symptom|C_raw|semantic|core,T-E1:A_ko_symptom,semantic,C_raw,huggingface/transformers#47879,438,1,1,0,0,,chunkdoc_dedd36b26a56847c,True,gitignored frozen parent runs.jsonl
T-E1:A_ko_symptom|C_raw|semantic|core,T-E1:A_ko_symptom,semantic,C_raw,huggingface/transformers#48501,658,2,1,0,0,,chunkdoc_af56ef13f353dfa2,True,gitignored frozen parent runs.jsonl
T-E1:A_ko_symptom|C_raw|semantic|core,T-E1:A_ko_symptom,semantic,C_raw,huggingface/transformers#48703,529,2,1,0,0,,chunkdoc_4462028e43556818,True,gitignored frozen parent runs.jsonl
T-E1:A_ko_symptom|C_raw|semantic|core,T-E1:A_ko_symptom,semantic,C_raw,huggingface/transformers#47309,889,3,1,1,0,,chunkdoc_ca83e9723bf7fdf3,True,gitignored frozen parent runs.jsonl
T-E1:A_ko_symptom|C_raw|semantic|core,T-E1:A_ko_symptom,semantic,C_raw,huggingface/transformers#48736,460,2,1,1,0,,chunkdoc_7c5ff5fe9610496d,True,gitignored frozen parent runs.jsonl
T-E1:A_ko_symptom|C_raw|hybrid|core,T-E1:A_ko_symptom,hybrid,C_raw,huggingface/transformers#47879,438,1,1,0,0,,chunkdoc_dedd36b26a56847c,True,gitignored frozen parent runs.jsonl
T-E1:A_ko_symptom|C_raw|hybrid|core,T-E1:A_ko_symptom,hybrid,C_raw,huggingface/transformers#48501,658,2,1,0,0,,chunkdoc_af56ef13f353dfa2,True,gitignored frozen parent runs.jsonl
T-E1:A_ko_symptom|C_raw|hybrid|core,T-E1:A_ko_symptom,hybrid,C_raw,huggingface/transformers#48703,529,2,1,0,0,,chunkdoc_4462028e43556818,True,gitignored frozen parent runs.jsonl
T-E1:A_ko_symptom|C_raw|hybrid|core,T-E1:A_ko_symptom,hybrid,C_raw,huggingface/transformers#47309,889,3,1,1,0,,chunkdoc_ca83e9723bf7fdf3,True,gitignored frozen parent runs.jsonl
T-E1:A_ko_symptom|C_raw|hybrid|core,T-E1:A_ko_symptom,hybrid,C_raw,huggingface/transformers#48736,460,2,1,1,0,,chunkdoc_7c5ff5fe9610496d,True,gitignored frozen parent runs.jsonl
T-E1:A_ko_symptom|C_bug|semantic|core,T-E1:A_ko_symptom,semantic,C_bug,huggingface/transformers#47879,438,1,1,0,0,,chunkdoc_dedd36b26a56847c,True,gitignored frozen parent runs.jsonl
T-E1:A_ko_symptom|C_bug|semantic|core,T-E1:A_ko_symptom,semantic,C_bug,huggingface/transformers#48501,658,2,1,0,0,,chunkdoc_af56ef13f353dfa2,True,gitignored frozen parent runs.jsonl
T-E1:A_ko_symptom|C_bug|semantic|core,T-E1:A_ko_symptom,semantic,C_bug,huggingface/transformers#48703,529,2,1,0,0,,chunkdoc_4462028e43556818,True,gitignored frozen parent runs.jsonl
T-E1:A_ko_symptom|C_bug|semantic|core,T-E1:A_ko_symptom,semantic,C_bug,huggingface/transformers#49051,4602,12,1,11,0,,chunkdoc_49e20e73e0ca432b,True,gitignored frozen parent runs.jsonl
T-E1:A_ko_symptom|C_bug|semantic|core,T-E1:A_ko_symptom,semantic,C_bug,huggingface/transformers#49113,2334,6,1,3,0,,chunkdoc_2e5d545900a6904c,True,gitignored frozen parent runs.jsonl
T-E1:A_ko_symptom|C_bug|hybrid|core,T-E1:A_ko_symptom,hybrid,C_bug,huggingface/transformers#47879,438,1,1,0,0,,chunkdoc_dedd36b26a56847c,True,gitignored frozen parent runs.jsonl
T-E1:A_ko_symptom|C_bug|hybrid|core,T-E1:A_ko_symptom,hybrid,C_bug,huggingface/transformers#48501,658,2,1,0,0,,chunkdoc_af56ef13f353dfa2,True,gitignored frozen parent runs.jsonl
T-E1:A_ko_symptom|C_bug|hybrid|core,T-E1:A_ko_symptom,hybrid,C_bug,huggingface/transformers#48703,529,2,1,0,0,,chunkdoc_4462028e43556818,True,gitignored frozen parent runs.jsonl
T-E1:A_ko_symptom|C_bug|hybrid|core,T-E1:A_ko_symptom,hybrid,C_bug,huggingface/transformers#49051,4602,12,1,11,0,,chunkdoc_49e20e73e0ca432b,True,gitignored frozen parent runs.jsonl
T-E1:A_ko_symptom|C_bug|hybrid|core,T-E1:A_ko_symptom,hybrid,C_bug,huggingface/transformers#49113,2334,6,1,3,0,,chunkdoc_2e5d545900a6904c,True,gitignored frozen parent runs.jsonl
T-E1:B_ko_context|C_raw|semantic|core,T-E1:B_ko_context,semantic,C_raw,huggingface/transformers#47879,438,1,1,0,0,,chunkdoc_dedd36b26a56847c,True,gitignored frozen parent runs.jsonl
T-E1:B_ko_context|C_raw|semantic|core,T-E1:B_ko_context,semantic,C_raw,huggingface/transformers#48422,2280,6,1,3,0,,chunkdoc_848eef6d13e03988,True,gitignored frozen parent runs.jsonl
T-E1:B_ko_context|C_raw|semantic|core,T-E1:B_ko_context,semantic,C_raw,huggingface/transformers#48837,2162,6,1,4,0,,chunkdoc_04cd9797a5a875e2,True,gitignored frozen parent runs.jsonl
T-E1:B_ko_context|C_raw|semantic|core,T-E1:B_ko_context,semantic,C_raw,huggingface/transformers#48736,460,2,1,1,0,,chunkdoc_7c5ff5fe9610496d,True,gitignored frozen parent runs.jsonl
T-E1:B_ko_context|C_raw|semantic|core,T-E1:B_ko_context,semantic,C_raw,huggingface/transformers#48263,2813,8,1,2,0,,chunkdoc_eaf4ac4686694a75,True,gitignored frozen parent runs.jsonl
T-E1:B_ko_context|C_raw|hybrid|core,T-E1:B_ko_context,hybrid,C_raw,huggingface/transformers#47879,438,1,1,0,0,,chunkdoc_dedd36b26a56847c,True,gitignored frozen parent runs.jsonl
T-E1:B_ko_context|C_raw|hybrid|core,T-E1:B_ko_context,hybrid,C_raw,huggingface/transformers#48703,529,2,1,0,0,,chunkdoc_4462028e43556818,True,gitignored frozen parent runs.jsonl
T-E1:B_ko_context|C_raw|hybrid|core,T-E1:B_ko_context,hybrid,C_raw,huggingface/transformers#47448,1276,4,1,1,0,,chunkdoc_e4d5fdfdcbb75367,True,gitignored frozen parent runs.jsonl
T-E1:B_ko_context|C_raw|hybrid|core,T-E1:B_ko_context,hybrid,C_raw,huggingface/transformers#48607,1095,3,1,0,0,,chunkdoc_aca9e105521394ff,True,gitignored frozen parent runs.jsonl
T-E1:B_ko_context|C_raw|hybrid|core,T-E1:B_ko_context,hybrid,C_raw,huggingface/transformers#48556,1067,3,1,0,0,,chunkdoc_7a5748c74d8f4fd6,True,gitignored frozen parent runs.jsonl
T-E1:B_ko_context|C_bug|semantic|core,T-E1:B_ko_context,semantic,C_bug,huggingface/transformers#47879,438,1,1,0,0,,chunkdoc_dedd36b26a56847c,True,gitignored frozen parent runs.jsonl
T-E1:B_ko_context|C_bug|semantic|core,T-E1:B_ko_context,semantic,C_bug,huggingface/transformers#48703,529,2,1,0,0,,chunkdoc_4462028e43556818,True,gitignored frozen parent runs.jsonl
T-E1:B_ko_context|C_bug|semantic|core,T-E1:B_ko_context,semantic,C_bug,huggingface/transformers#47448,1276,4,1,1,0,,chunkdoc_e4d5fdfdcbb75367,True,gitignored frozen parent runs.jsonl
T-E1:B_ko_context|C_bug|semantic|core,T-E1:B_ko_context,semantic,C_bug,huggingface/transformers#48607,1095,3,1,0,0,,chunkdoc_aca9e105521394ff,True,gitignored frozen parent runs.jsonl
T-E1:B_ko_context|C_bug|semantic|core,T-E1:B_ko_context,semantic,C_bug,huggingface/transformers#49051,4602,12,1,3,0,,chunkdoc_49e20e73e0ca432b,False,gitignored frozen parent runs.jsonl
T-E1:B_ko_context|C_bug|hybrid|core,T-E1:B_ko_context,hybrid,C_bug,huggingface/transformers#47879,438,1,1,0,0,,chunkdoc_dedd36b26a56847c,True,gitignored frozen parent runs.jsonl
T-E1:B_ko_context|C_bug|hybrid|core,T-E1:B_ko_context,hybrid,C_bug,huggingface/transformers#48703,529,2,1,0,0,,chunkdoc_4462028e43556818,True,gitignored frozen parent runs.jsonl
T-E1:B_ko_context|C_bug|hybrid|core,T-E1:B_ko_context,hybrid,C_bug,huggingface/transformers#47448,1276,4,1,1,0,,chunkdoc_e4d5fdfdcbb75367,True,gitignored frozen parent runs.jsonl
T-E1:B_ko_context|C_bug|hybrid|core,T-E1:B_ko_context,hybrid,C_bug,huggingface/transformers#48805,1012,3,1,0,0,,chunkdoc_f1d33f44b01c2d88,True,gitignored frozen parent runs.jsonl
T-E1:B_ko_context|C_bug|hybrid|core,T-E1:B_ko_context,hybrid,C_bug,huggingface/transformers#48607,1095,3,1,0,0,,chunkdoc_aca9e105521394ff,True,gitignored frozen parent runs.jsonl
T-E1:C_en_context|C_raw|semantic|core,T-E1:C_en_context,semantic,C_raw,huggingface/transformers#47879,438,1,1,0,0,,chunkdoc_dedd36b26a56847c,True,gitignored frozen parent runs.jsonl
T-E1:C_en_context|C_raw|semantic|core,T-E1:C_en_context,semantic,C_raw,huggingface/transformers#48556,1067,3,1,0,0,,chunkdoc_7a5748c74d8f4fd6,True,gitignored frozen parent runs.jsonl
T-E1:C_en_context|C_raw|semantic|core,T-E1:C_en_context,semantic,C_raw,huggingface/transformers#49051,4602,12,1,3,0,,chunkdoc_49e20e73e0ca432b,False,gitignored frozen parent runs.jsonl
T-E1:C_en_context|C_raw|semantic|core,T-E1:C_en_context,semantic,C_raw,huggingface/transformers#49007,721,2,1,1,0,,chunkdoc_f5fbaf24ef7380db,True,gitignored frozen parent runs.jsonl
T-E1:C_en_context|C_raw|semantic|core,T-E1:C_en_context,semantic,C_raw,huggingface/transformers#48703,529,2,1,0,0,,chunkdoc_4462028e43556818,True,gitignored frozen parent runs.jsonl
T-E1:C_en_context|C_raw|hybrid|core,T-E1:C_en_context,hybrid,C_raw,huggingface/transformers#47879,438,1,1,0,0,,chunkdoc_dedd36b26a56847c,True,gitignored frozen parent runs.jsonl
T-E1:C_en_context|C_raw|hybrid|core,T-E1:C_en_context,hybrid,C_raw,huggingface/transformers#48556,1067,3,1,0,0,,chunkdoc_7a5748c74d8f4fd6,True,gitignored frozen parent runs.jsonl
T-E1:C_en_context|C_raw|hybrid|core,T-E1:C_en_context,hybrid,C_raw,huggingface/transformers#48703,529,2,1,0,0,,chunkdoc_4462028e43556818,True,gitignored frozen parent runs.jsonl
T-E1:C_en_context|C_raw|hybrid|core,T-E1:C_en_context,hybrid,C_raw,huggingface/transformers#49007,721,2,1,1,0,,chunkdoc_f5fbaf24ef7380db,True,gitignored frozen parent runs.jsonl
T-E1:C_en_context|C_raw|hybrid|core,T-E1:C_en_context,hybrid,C_raw,huggingface/transformers#48607,1095,3,1,0,0,,chunkdoc_aca9e105521394ff,True,gitignored frozen parent runs.jsonl
T-E1:C_en_context|C_bug|semantic|core,T-E1:C_en_context,semantic,C_bug,huggingface/transformers#47879,438,1,1,0,0,,chunkdoc_dedd36b26a56847c,True,gitignored frozen parent runs.jsonl
T-E1:C_en_context|C_bug|semantic|core,T-E1:C_en_context,semantic,C_bug,huggingface/transformers#49051,4602,12,1,3,0,,chunkdoc_49e20e73e0ca432b,False,gitignored frozen parent runs.jsonl
T-E1:C_en_context|C_bug|semantic|core,T-E1:C_en_context,semantic,C_bug,huggingface/transformers#49007,721,2,1,1,0,,chunkdoc_f5fbaf24ef7380db,True,gitignored frozen parent runs.jsonl
T-E1:C_en_context|C_bug|semantic|core,T-E1:C_en_context,semantic,C_bug,huggingface/transformers#48703,529,2,1,0,0,,chunkdoc_4462028e43556818,True,gitignored frozen parent runs.jsonl
T-E1:C_en_context|C_bug|semantic|core,T-E1:C_en_context,semantic,C_bug,huggingface/transformers#48607,1095,3,1,0,0,,chunkdoc_aca9e105521394ff,True,gitignored frozen parent runs.jsonl
T-E1:C_en_context|C_bug|hybrid|core,T-E1:C_en_context,hybrid,C_bug,huggingface/transformers#47879,438,1,1,0,0,,chunkdoc_dedd36b26a56847c,True,gitignored frozen parent runs.jsonl
T-E1:C_en_context|C_bug|hybrid|core,T-E1:C_en_context,hybrid,C_bug,huggingface/transformers#49007,721,2,1,1,0,,chunkdoc_f5fbaf24ef7380db,True,gitignored frozen parent runs.jsonl
T-E1:C_en_context|C_bug|hybrid|core,T-E1:C_en_context,hybrid,C_bug,huggingface/transformers#48703,529,2,1,0,0,,chunkdoc_4462028e43556818,True,gitignored frozen parent runs.jsonl
T-E1:C_en_context|C_bug|hybrid|core,T-E1:C_en_context,hybrid,C_bug,huggingface/transformers#47448,1276,4,1,0,0,,chunkdoc_e4d5fdfdcbb75367,False,gitignored frozen parent runs.jsonl
T-E1:C_en_context|C_bug|hybrid|core,T-E1:C_en_context,hybrid,C_bug,huggingface/transformers#48607,1095,3,1,0,0,,chunkdoc_aca9e105521394ff,True,gitignored frozen parent runs.jsonl
T-E2:A_ko_symptom|C_raw|hybrid|core,T-E2:A_ko_symptom,hybrid,C_raw,huggingface/transformers#48757,546,2,1,1,0,,chunkdoc_f4f58d4ed8fad97b,True,gitignored frozen parent runs.jsonl
T-E2:A_ko_symptom|C_raw|hybrid|core,T-E2:A_ko_symptom,hybrid,C_raw,huggingface/transformers#48346,413,1,1,0,0,,chunkdoc_678bd6f3b19bf467,True,gitignored frozen parent runs.jsonl
T-E2:A_ko_symptom|C_raw|hybrid|core,T-E2:A_ko_symptom,hybrid,C_raw,huggingface/transformers#48351,283,1,1,0,0,,chunkdoc_e3268994d6767eb4,True,gitignored frozen parent runs.jsonl
T-E2:A_ko_symptom|C_raw|hybrid|core,T-E2:A_ko_symptom,hybrid,C_raw,huggingface/transformers#48350,464,2,1,0,0,,chunkdoc_304ff474a2fbdcd8,True,gitignored frozen parent runs.jsonl
T-E2:A_ko_symptom|C_raw|hybrid|core,T-E2:A_ko_symptom,hybrid,C_raw,huggingface/transformers#48837,2162,6,1,5,0,,chunkdoc_04cd9797a5a875e2,False,gitignored frozen parent runs.jsonl
T-E2:A_ko_symptom|C_raw|semantic|core,T-E2:A_ko_symptom,semantic,C_raw,huggingface/transformers#48837,2162,6,1,5,0,,chunkdoc_04cd9797a5a875e2,False,gitignored frozen parent runs.jsonl
T-E2:A_ko_symptom|C_raw|semantic|core,T-E2:A_ko_symptom,semantic,C_raw,huggingface/transformers#48240,2810,8,1,6,0,,chunkdoc_9f09b8deb1ef7f9f,True,gitignored frozen parent runs.jsonl
T-E2:A_ko_symptom|C_raw|semantic|core,T-E2:A_ko_symptom,semantic,C_raw,huggingface/transformers#48422,2280,6,1,3,0,,chunkdoc_848eef6d13e03988,True,gitignored frozen parent runs.jsonl
T-E2:A_ko_symptom|C_raw|semantic|core,T-E2:A_ko_symptom,semantic,C_raw,huggingface/transformers#48695,2187,6,1,4,0,,chunkdoc_a0d054094a684cdf,True,gitignored frozen parent runs.jsonl
T-E2:A_ko_symptom|C_raw|semantic|core,T-E2:A_ko_symptom,semantic,C_raw,huggingface/transformers#48757,546,2,1,1,0,,chunkdoc_f4f58d4ed8fad97b,True,gitignored frozen parent runs.jsonl
T-E2:A_ko_symptom|C_bug|hybrid|core,T-E2:A_ko_symptom,hybrid,C_bug,huggingface/transformers#48400,496,2,1,0,0,,chunkdoc_fcbb43a05872ec4a,True,gitignored frozen parent runs.jsonl
T-E2:A_ko_symptom|C_bug|hybrid|core,T-E2:A_ko_symptom,hybrid,C_bug,huggingface/transformers#47530,995,3,1,2,0,,chunkdoc_847abe7f42673926,True,gitignored frozen parent runs.jsonl
T-E2:A_ko_symptom|C_bug|hybrid|core,T-E2:A_ko_symptom,hybrid,C_bug,huggingface/transformers#47455,182,1,1,0,0,,chunkdoc_6b87321097e6b7ce,True,gitignored frozen parent runs.jsonl
T-E2:A_ko_symptom|C_bug|hybrid|core,T-E2:A_ko_symptom,hybrid,C_bug,huggingface/transformers#47917,1926,5,1,3,0,,chunkdoc_a6871958e1f639db,True,gitignored frozen parent runs.jsonl
T-E2:A_ko_symptom|C_bug|hybrid|core,T-E2:A_ko_symptom,hybrid,C_bug,huggingface/transformers#48862,1636,5,1,2,0,,chunkdoc_f5f22afc5ef33034,True,gitignored frozen parent runs.jsonl
T-E2:A_ko_symptom|C_bug|semantic|core,T-E2:A_ko_symptom,semantic,C_bug,huggingface/transformers#48400,496,2,1,0,0,,chunkdoc_fcbb43a05872ec4a,True,gitignored frozen parent runs.jsonl
T-E2:A_ko_symptom|C_bug|semantic|core,T-E2:A_ko_symptom,semantic,C_bug,huggingface/transformers#47530,995,3,1,2,0,,chunkdoc_847abe7f42673926,True,gitignored frozen parent runs.jsonl
T-E2:A_ko_symptom|C_bug|semantic|core,T-E2:A_ko_symptom,semantic,C_bug,huggingface/transformers#47455,182,1,1,0,0,,chunkdoc_6b87321097e6b7ce,True,gitignored frozen parent runs.jsonl
T-E2:A_ko_symptom|C_bug|semantic|core,T-E2:A_ko_symptom,semantic,C_bug,huggingface/transformers#47917,1926,5,1,3,0,,chunkdoc_a6871958e1f639db,True,gitignored frozen parent runs.jsonl
T-E2:A_ko_symptom|C_bug|semantic|core,T-E2:A_ko_symptom,semantic,C_bug,huggingface/transformers#48862,1636,5,1,2,0,,chunkdoc_f5f22afc5ef33034,True,gitignored frozen parent runs.jsonl
T-E2:B_ko_context|C_raw|hybrid|core,T-E2:B_ko_context,hybrid,C_raw,huggingface/transformers#48346,413,1,1,0,0,,chunkdoc_678bd6f3b19bf467,True,gitignored frozen parent runs.jsonl
T-E2:B_ko_context|C_raw|hybrid|core,T-E2:B_ko_context,hybrid,C_raw,huggingface/transformers#48351,283,1,1,0,0,,chunkdoc_e3268994d6767eb4,True,gitignored frozen parent runs.jsonl
T-E2:B_ko_context|C_raw|hybrid|core,T-E2:B_ko_context,hybrid,C_raw,huggingface/transformers#48757,546,2,1,1,0,,chunkdoc_f4f58d4ed8fad97b,True,gitignored frozen parent runs.jsonl
T-E2:B_ko_context|C_raw|hybrid|core,T-E2:B_ko_context,hybrid,C_raw,huggingface/transformers#48307,592,2,1,0,0,,chunkdoc_a6a5d955b05f5106,True,gitignored frozen parent runs.jsonl
T-E2:B_ko_context|C_raw|hybrid|core,T-E2:B_ko_context,hybrid,C_raw,huggingface/transformers#47436,580,2,1,0,0,,chunkdoc_2341d0e7fbbb9a2a,True,gitignored frozen parent runs.jsonl
T-E2:B_ko_context|C_raw|semantic|core,T-E2:B_ko_context,semantic,C_raw,huggingface/transformers#48346,413,1,1,0,0,,chunkdoc_678bd6f3b19bf467,True,gitignored frozen parent runs.jsonl
T-E2:B_ko_context|C_raw|semantic|core,T-E2:B_ko_context,semantic,C_raw,huggingface/transformers#48757,546,2,1,1,0,,chunkdoc_f4f58d4ed8fad97b,True,gitignored frozen parent runs.jsonl
T-E2:B_ko_context|C_raw|semantic|core,T-E2:B_ko_context,semantic,C_raw,huggingface/transformers#48351,283,1,1,0,0,,chunkdoc_e3268994d6767eb4,True,gitignored frozen parent runs.jsonl
T-E2:B_ko_context|C_raw|semantic|core,T-E2:B_ko_context,semantic,C_raw,huggingface/transformers#48240,2810,8,1,6,0,,chunkdoc_9f09b8deb1ef7f9f,True,gitignored frozen parent runs.jsonl
T-E2:B_ko_context|C_raw|semantic|core,T-E2:B_ko_context,semantic,C_raw,huggingface/transformers#48914,3954,11,1,7,0,,chunkdoc_0c29d0e3233fd6fd,True,gitignored frozen parent runs.jsonl
T-E2:B_ko_context|C_bug|hybrid|core,T-E2:B_ko_context,hybrid,C_bug,huggingface/transformers#47436,580,2,1,0,0,,chunkdoc_2341d0e7fbbb9a2a,True,gitignored frozen parent runs.jsonl
T-E2:B_ko_context|C_bug|hybrid|core,T-E2:B_ko_context,hybrid,C_bug,huggingface/transformers#48312,6412,17,1,14,0,,chunkdoc_ddfe5d6157031938,True,gitignored frozen parent runs.jsonl
T-E2:B_ko_context|C_bug|hybrid|core,T-E2:B_ko_context,hybrid,C_bug,huggingface/transformers#48690,9897,26,1,8,0,,chunkdoc_4319d8bf817c537d,True,gitignored frozen parent runs.jsonl
T-E2:B_ko_context|C_bug|hybrid|core,T-E2:B_ko_context,hybrid,C_bug,huggingface/transformers#47448,1276,4,1,2,0,,chunkdoc_e4d5fdfdcbb75367,False,gitignored frozen parent runs.jsonl
T-E2:B_ko_context|C_bug|hybrid|core,T-E2:B_ko_context,hybrid,C_bug,huggingface/transformers#49190,5949,16,1,4,0,,chunkdoc_603b94f2db272d6c,True,gitignored frozen parent runs.jsonl
T-E2:B_ko_context|C_bug|semantic|core,T-E2:B_ko_context,semantic,C_bug,huggingface/transformers#49190,5949,16,1,4,0,,chunkdoc_603b94f2db272d6c,True,gitignored frozen parent runs.jsonl
T-E2:B_ko_context|C_bug|semantic|core,T-E2:B_ko_context,semantic,C_bug,huggingface/transformers#47436,580,2,1,0,0,,chunkdoc_2341d0e7fbbb9a2a,True,gitignored frozen parent runs.jsonl
T-E2:B_ko_context|C_bug|semantic|core,T-E2:B_ko_context,semantic,C_bug,huggingface/transformers#48966,1034,3,1,1,0,,chunkdoc_05323b7443175bf3,True,gitignored frozen parent runs.jsonl
T-E2:B_ko_context|C_bug|semantic|core,T-E2:B_ko_context,semantic,C_bug,huggingface/transformers#47333,859,3,1,2,0,,chunkdoc_d0f2c2627ec70bff,True,gitignored frozen parent runs.jsonl
T-E2:B_ko_context|C_bug|semantic|core,T-E2:B_ko_context,semantic,C_bug,huggingface/transformers#48057,495,2,1,0,0,,chunkdoc_e93668ebab73e945,True,gitignored frozen parent runs.jsonl
T-E2:C_en_context|C_raw|semantic|core,T-E2:C_en_context,semantic,C_raw,huggingface/transformers#48346,413,1,1,0,0,,chunkdoc_678bd6f3b19bf467,True,gitignored frozen parent runs.jsonl
T-E2:C_en_context|C_raw|semantic|core,T-E2:C_en_context,semantic,C_raw,huggingface/transformers#48757,546,2,1,1,0,,chunkdoc_f4f58d4ed8fad97b,True,gitignored frozen parent runs.jsonl
T-E2:C_en_context|C_raw|semantic|core,T-E2:C_en_context,semantic,C_raw,huggingface/transformers#48351,283,1,1,0,0,,chunkdoc_e3268994d6767eb4,True,gitignored frozen parent runs.jsonl
T-E2:C_en_context|C_raw|semantic|core,T-E2:C_en_context,semantic,C_raw,huggingface/transformers#47914,868,3,1,1,0,,chunkdoc_09a4d1cbc4a884c0,True,gitignored frozen parent runs.jsonl
T-E2:C_en_context|C_raw|semantic|core,T-E2:C_en_context,semantic,C_raw,huggingface/transformers#47917,1926,5,1,4,0,,chunkdoc_a6871958e1f639db,False,gitignored frozen parent runs.jsonl
T-E2:C_en_context|C_raw|hybrid|core,T-E2:C_en_context,hybrid,C_raw,huggingface/transformers#48346,413,1,1,0,0,,chunkdoc_678bd6f3b19bf467,True,gitignored frozen parent runs.jsonl
T-E2:C_en_context|C_raw|hybrid|core,T-E2:C_en_context,hybrid,C_raw,huggingface/transformers#48757,546,2,1,1,0,,chunkdoc_f4f58d4ed8fad97b,True,gitignored frozen parent runs.jsonl
T-E2:C_en_context|C_raw|hybrid|core,T-E2:C_en_context,hybrid,C_raw,huggingface/transformers#48351,283,1,1,0,0,,chunkdoc_e3268994d6767eb4,True,gitignored frozen parent runs.jsonl
T-E2:C_en_context|C_raw|hybrid|core,T-E2:C_en_context,hybrid,C_raw,huggingface/transformers#48556,1067,3,1,0,0,,chunkdoc_7a5748c74d8f4fd6,True,gitignored frozen parent runs.jsonl
T-E2:C_en_context|C_raw|hybrid|core,T-E2:C_en_context,hybrid,C_raw,huggingface/transformers#48308,854,3,1,1,0,,chunkdoc_b194224851e89733,True,gitignored frozen parent runs.jsonl
T-E2:C_en_context|C_bug|semantic|core,T-E2:C_en_context,semantic,C_bug,huggingface/transformers#47914,868,3,1,1,0,,chunkdoc_09a4d1cbc4a884c0,True,gitignored frozen parent runs.jsonl
T-E2:C_en_context|C_bug|semantic|core,T-E2:C_en_context,semantic,C_bug,huggingface/transformers#47917,1926,5,1,4,0,,chunkdoc_a6871958e1f639db,False,gitignored frozen parent runs.jsonl
T-E2:C_en_context|C_bug|semantic|core,T-E2:C_en_context,semantic,C_bug,huggingface/transformers#48312,6412,17,1,14,0,,chunkdoc_ddfe5d6157031938,True,gitignored frozen parent runs.jsonl
T-E2:C_en_context|C_bug|semantic|core,T-E2:C_en_context,semantic,C_bug,huggingface/transformers#47766,961,3,1,2,0,,chunkdoc_f0ecedd7a83befaf,True,gitignored frozen parent runs.jsonl
T-E2:C_en_context|C_bug|semantic|core,T-E2:C_en_context,semantic,C_bug,huggingface/transformers#47436,580,2,1,0,0,,chunkdoc_2341d0e7fbbb9a2a,True,gitignored frozen parent runs.jsonl
T-E2:C_en_context|C_bug|hybrid|core,T-E2:C_en_context,hybrid,C_bug,huggingface/transformers#48312,6412,17,1,14,0,,chunkdoc_ddfe5d6157031938,True,gitignored frozen parent runs.jsonl
T-E2:C_en_context|C_bug|hybrid|core,T-E2:C_en_context,hybrid,C_bug,huggingface/transformers#47436,580,2,1,0,0,,chunkdoc_2341d0e7fbbb9a2a,True,gitignored frozen parent runs.jsonl
T-E2:C_en_context|C_bug|hybrid|core,T-E2:C_en_context,hybrid,C_bug,huggingface/transformers#47448,1276,4,1,2,0,,chunkdoc_e4d5fdfdcbb75367,False,gitignored frozen parent runs.jsonl
T-E2:C_en_context|C_bug|hybrid|core,T-E2:C_en_context,hybrid,C_bug,huggingface/transformers#47914,868,3,1,1,0,,chunkdoc_09a4d1cbc4a884c0,True,gitignored frozen parent runs.jsonl
T-E2:C_en_context|C_bug|hybrid|core,T-E2:C_en_context,hybrid,C_bug,huggingface/transformers#47721,1515,4,1,1,0,,chunkdoc_e246f1b1da07fcdf,True,gitignored frozen parent runs.jsonl
T-S1:A_ko_symptom|C_raw|hybrid|core,T-S1:A_ko_symptom,hybrid,C_raw,huggingface/transformers#47752,437,1,1,0,0,,chunkdoc_0da287141fe2f9b7,True,gitignored frozen parent runs.jsonl
T-S1:A_ko_symptom|C_raw|hybrid|core,T-S1:A_ko_symptom,hybrid,C_raw,huggingface/transformers#47981,2382,7,1,1,0,,chunkdoc_dc74fa4d173aa180,True,gitignored frozen parent runs.jsonl
T-S1:A_ko_symptom|C_raw|hybrid|core,T-S1:A_ko_symptom,hybrid,C_raw,huggingface/transformers#48240,2810,8,1,6,0,,chunkdoc_9f09b8deb1ef7f9f,True,gitignored frozen parent runs.jsonl
T-S1:A_ko_symptom|C_raw|hybrid|core,T-S1:A_ko_symptom,hybrid,C_raw,huggingface/transformers#48263,2813,8,1,1,0,,chunkdoc_eaf4ac4686694a75,False,gitignored frozen parent runs.jsonl
T-S1:A_ko_symptom|C_raw|hybrid|core,T-S1:A_ko_symptom,hybrid,C_raw,huggingface/transformers#48321,1863,5,1,3,0,,chunkdoc_6ca408b10cfaec03,True,gitignored frozen parent runs.jsonl
T-S1:A_ko_symptom|C_raw|semantic|core,T-S1:A_ko_symptom,semantic,C_raw,huggingface/transformers#48757,546,2,1,1,0,,chunkdoc_f4f58d4ed8fad97b,True,gitignored frozen parent runs.jsonl
T-S1:A_ko_symptom|C_raw|semantic|core,T-S1:A_ko_symptom,semantic,C_raw,huggingface/transformers#48240,2810,8,1,6,0,,chunkdoc_9f09b8deb1ef7f9f,True,gitignored frozen parent runs.jsonl
T-S1:A_ko_symptom|C_raw|semantic|core,T-S1:A_ko_symptom,semantic,C_raw,huggingface/transformers#49026,12608,33,1,11,0,,chunkdoc_bf076814046dc998,True,gitignored frozen parent runs.jsonl
T-S1:A_ko_symptom|C_raw|semantic|core,T-S1:A_ko_symptom,semantic,C_raw,huggingface/transformers#47981,2382,7,1,1,0,,chunkdoc_dc74fa4d173aa180,True,gitignored frozen parent runs.jsonl
T-S1:A_ko_symptom|C_raw|semantic|core,T-S1:A_ko_symptom,semantic,C_raw,huggingface/transformers#48422,2280,6,1,3,0,,chunkdoc_848eef6d13e03988,True,gitignored frozen parent runs.jsonl
T-S1:A_ko_symptom|C_bug|hybrid|core,T-S1:A_ko_symptom,hybrid,C_bug,huggingface/transformers#47752,437,1,1,0,0,,chunkdoc_0da287141fe2f9b7,True,gitignored frozen parent runs.jsonl
T-S1:A_ko_symptom|C_bug|hybrid|core,T-S1:A_ko_symptom,hybrid,C_bug,huggingface/transformers#47530,995,3,1,2,0,,chunkdoc_847abe7f42673926,True,gitignored frozen parent runs.jsonl
T-S1:A_ko_symptom|C_bug|hybrid|core,T-S1:A_ko_symptom,hybrid,C_bug,huggingface/transformers#49095,2154,6,1,3,0,,chunkdoc_6c0926d7445c9385,True,gitignored frozen parent runs.jsonl
T-S1:A_ko_symptom|C_bug|hybrid|core,T-S1:A_ko_symptom,hybrid,C_bug,huggingface/transformers#48887,3022,8,1,3,0,,chunkdoc_82f4b73189f803c3,True,gitignored frozen parent runs.jsonl
T-S1:A_ko_symptom|C_bug|hybrid|core,T-S1:A_ko_symptom,hybrid,C_bug,huggingface/transformers#47337,1324,4,1,1,0,,chunkdoc_6ce7150d5371c8f5,True,gitignored frozen parent runs.jsonl
T-S1:A_ko_symptom|C_bug|semantic|core,T-S1:A_ko_symptom,semantic,C_bug,huggingface/transformers#47752,437,1,1,0,0,,chunkdoc_0da287141fe2f9b7,True,gitignored frozen parent runs.jsonl
T-S1:A_ko_symptom|C_bug|semantic|core,T-S1:A_ko_symptom,semantic,C_bug,huggingface/transformers#47553,884,3,1,0,0,,chunkdoc_d9f07a31be86af12,True,gitignored frozen parent runs.jsonl
T-S1:A_ko_symptom|C_bug|semantic|core,T-S1:A_ko_symptom,semantic,C_bug,huggingface/transformers#48400,496,2,1,0,0,,chunkdoc_fcbb43a05872ec4a,True,gitignored frozen parent runs.jsonl
T-S1:A_ko_symptom|C_bug|semantic|core,T-S1:A_ko_symptom,semantic,C_bug,huggingface/transformers#47530,995,3,1,2,0,,chunkdoc_847abe7f42673926,True,gitignored frozen parent runs.jsonl
T-S1:A_ko_symptom|C_bug|semantic|core,T-S1:A_ko_symptom,semantic,C_bug,huggingface/transformers#47321,585,2,1,1,0,,chunkdoc_754e0a776437dbbe,True,gitignored frozen parent runs.jsonl
T-S1:B_ko_context|C_raw|hybrid|core,T-S1:B_ko_context,hybrid,C_raw,huggingface/transformers#47752,437,1,1,0,0,,chunkdoc_0da287141fe2f9b7,True,gitignored frozen parent runs.jsonl
T-S1:B_ko_context|C_raw|hybrid|core,T-S1:B_ko_context,hybrid,C_raw,huggingface/transformers#47530,995,3,1,1,0,,chunkdoc_847abe7f42673926,False,gitignored frozen parent runs.jsonl
T-S1:B_ko_context|C_raw|hybrid|core,T-S1:B_ko_context,hybrid,C_raw,huggingface/transformers#48592,2885,8,1,0,0,,chunkdoc_9d5df20a63cd47e4,True,gitignored frozen parent runs.jsonl
T-S1:B_ko_context|C_raw|hybrid|core,T-S1:B_ko_context,hybrid,C_raw,huggingface/transformers#48039,3666,10,1,4,0,,chunkdoc_c75e480e4f9730c8,True,gitignored frozen parent runs.jsonl
T-S1:B_ko_context|C_raw|hybrid|core,T-S1:B_ko_context,hybrid,C_raw,huggingface/transformers#47532,3221,9,1,2,0,,chunkdoc_825660467fe9d39c,True,gitignored frozen parent runs.jsonl
T-S1:B_ko_context|C_raw|semantic|core,T-S1:B_ko_context,semantic,C_raw,huggingface/transformers#47752,437,1,1,0,0,,chunkdoc_0da287141fe2f9b7,True,gitignored frozen parent runs.jsonl
T-S1:B_ko_context|C_raw|semantic|core,T-S1:B_ko_context,semantic,C_raw,huggingface/transformers#47530,995,3,1,1,0,,chunkdoc_847abe7f42673926,False,gitignored frozen parent runs.jsonl
T-S1:B_ko_context|C_raw|semantic|core,T-S1:B_ko_context,semantic,C_raw,huggingface/transformers#47532,3221,9,1,2,0,,chunkdoc_825660467fe9d39c,True,gitignored frozen parent runs.jsonl
T-S1:B_ko_context|C_raw|semantic|core,T-S1:B_ko_context,semantic,C_raw,huggingface/transformers#48592,2885,8,1,0,0,,chunkdoc_9d5df20a63cd47e4,True,gitignored frozen parent runs.jsonl
T-S1:B_ko_context|C_raw|semantic|core,T-S1:B_ko_context,semantic,C_raw,huggingface/transformers#48039,3666,10,1,4,0,,chunkdoc_c75e480e4f9730c8,True,gitignored frozen parent runs.jsonl
T-S1:B_ko_context|C_bug|hybrid|core,T-S1:B_ko_context,hybrid,C_bug,huggingface/transformers#47752,437,1,1,0,0,,chunkdoc_0da287141fe2f9b7,True,gitignored frozen parent runs.jsonl
T-S1:B_ko_context|C_bug|hybrid|core,T-S1:B_ko_context,hybrid,C_bug,huggingface/transformers#47530,995,3,1,1,0,,chunkdoc_847abe7f42673926,False,gitignored frozen parent runs.jsonl
T-S1:B_ko_context|C_bug|hybrid|core,T-S1:B_ko_context,hybrid,C_bug,huggingface/transformers#48748,1446,4,1,1,0,,chunkdoc_2ab4499f20a3e0a4,True,gitignored frozen parent runs.jsonl
T-S1:B_ko_context|C_bug|hybrid|core,T-S1:B_ko_context,hybrid,C_bug,huggingface/transformers#48312,6412,17,1,1,0,,chunkdoc_ddfe5d6157031938,False,gitignored frozen parent runs.jsonl
T-S1:B_ko_context|C_bug|hybrid|core,T-S1:B_ko_context,hybrid,C_bug,huggingface/transformers#48057,495,2,1,1,0,,chunkdoc_e93668ebab73e945,False,gitignored frozen parent runs.jsonl
T-S1:B_ko_context|C_bug|semantic|core,T-S1:B_ko_context,semantic,C_bug,huggingface/transformers#47752,437,1,1,0,0,,chunkdoc_0da287141fe2f9b7,True,gitignored frozen parent runs.jsonl
T-S1:B_ko_context|C_bug|semantic|core,T-S1:B_ko_context,semantic,C_bug,huggingface/transformers#47530,995,3,1,1,0,,chunkdoc_847abe7f42673926,False,gitignored frozen parent runs.jsonl
T-S1:B_ko_context|C_bug|semantic|core,T-S1:B_ko_context,semantic,C_bug,huggingface/transformers#48748,1446,4,1,1,0,,chunkdoc_2ab4499f20a3e0a4,True,gitignored frozen parent runs.jsonl
T-S1:B_ko_context|C_bug|semantic|core,T-S1:B_ko_context,semantic,C_bug,huggingface/transformers#49093,1293,4,1,1,0,,chunkdoc_05ee57f0a837a256,True,gitignored frozen parent runs.jsonl
T-S1:B_ko_context|C_bug|semantic|core,T-S1:B_ko_context,semantic,C_bug,huggingface/transformers#48967,1083,3,1,0,0,,chunkdoc_cab19d6a6d66204a,True,gitignored frozen parent runs.jsonl
T-S1:C_en_context|C_raw|semantic|core,T-S1:C_en_context,semantic,C_raw,huggingface/transformers#47752,437,1,1,0,0,,chunkdoc_0da287141fe2f9b7,True,gitignored frozen parent runs.jsonl
T-S1:C_en_context|C_raw|semantic|core,T-S1:C_en_context,semantic,C_raw,huggingface/transformers#48039,3666,10,1,4,0,,chunkdoc_c75e480e4f9730c8,True,gitignored frozen parent runs.jsonl
T-S1:C_en_context|C_raw|semantic|core,T-S1:C_en_context,semantic,C_raw,huggingface/transformers#47530,995,3,1,1,0,,chunkdoc_847abe7f42673926,False,gitignored frozen parent runs.jsonl
T-S1:C_en_context|C_raw|semantic|core,T-S1:C_en_context,semantic,C_raw,huggingface/transformers#49093,1293,4,1,1,0,,chunkdoc_05ee57f0a837a256,True,gitignored frozen parent runs.jsonl
T-S1:C_en_context|C_raw|semantic|core,T-S1:C_en_context,semantic,C_raw,huggingface/transformers#48836,2288,6,1,1,0,,chunkdoc_ad0114cad38e4c7e,True,gitignored frozen parent runs.jsonl
T-S1:C_en_context|C_raw|hybrid|core,T-S1:C_en_context,hybrid,C_raw,huggingface/transformers#47752,437,1,1,0,0,,chunkdoc_0da287141fe2f9b7,True,gitignored frozen parent runs.jsonl
T-S1:C_en_context|C_raw|hybrid|core,T-S1:C_en_context,hybrid,C_raw,huggingface/transformers#47530,995,3,1,1,0,,chunkdoc_847abe7f42673926,False,gitignored frozen parent runs.jsonl
T-S1:C_en_context|C_raw|hybrid|core,T-S1:C_en_context,hybrid,C_raw,huggingface/transformers#48039,3666,10,1,4,0,,chunkdoc_c75e480e4f9730c8,True,gitignored frozen parent runs.jsonl
T-S1:C_en_context|C_raw|hybrid|core,T-S1:C_en_context,hybrid,C_raw,huggingface/transformers#48592,2885,8,1,0,0,,chunkdoc_9d5df20a63cd47e4,True,gitignored frozen parent runs.jsonl
T-S1:C_en_context|C_raw|hybrid|core,T-S1:C_en_context,hybrid,C_raw,huggingface/transformers#48748,1446,4,1,1,0,,chunkdoc_2ab4499f20a3e0a4,True,gitignored frozen parent runs.jsonl
T-S1:C_en_context|C_bug|semantic|core,T-S1:C_en_context,semantic,C_bug,huggingface/transformers#47752,437,1,1,0,0,,chunkdoc_0da287141fe2f9b7,True,gitignored frozen parent runs.jsonl
T-S1:C_en_context|C_bug|semantic|core,T-S1:C_en_context,semantic,C_bug,huggingface/transformers#47530,995,3,1,1,0,,chunkdoc_847abe7f42673926,False,gitignored frozen parent runs.jsonl
T-S1:C_en_context|C_bug|semantic|core,T-S1:C_en_context,semantic,C_bug,huggingface/transformers#49093,1293,4,1,1,0,,chunkdoc_05ee57f0a837a256,True,gitignored frozen parent runs.jsonl
T-S1:C_en_context|C_bug|semantic|core,T-S1:C_en_context,semantic,C_bug,huggingface/transformers#48748,1446,4,1,1,0,,chunkdoc_2ab4499f20a3e0a4,True,gitignored frozen parent runs.jsonl
T-S1:C_en_context|C_bug|semantic|core,T-S1:C_en_context,semantic,C_bug,huggingface/transformers#48967,1083,3,1,0,0,,chunkdoc_cab19d6a6d66204a,True,gitignored frozen parent runs.jsonl
T-S1:C_en_context|C_bug|hybrid|core,T-S1:C_en_context,hybrid,C_bug,huggingface/transformers#47752,437,1,1,0,0,,chunkdoc_0da287141fe2f9b7,True,gitignored frozen parent runs.jsonl
T-S1:C_en_context|C_bug|hybrid|core,T-S1:C_en_context,hybrid,C_bug,huggingface/transformers#47530,995,3,1,1,0,,chunkdoc_847abe7f42673926,False,gitignored frozen parent runs.jsonl
T-S1:C_en_context|C_bug|hybrid|core,T-S1:C_en_context,hybrid,C_bug,huggingface/transformers#48748,1446,4,1,1,0,,chunkdoc_2ab4499f20a3e0a4,True,gitignored frozen parent runs.jsonl
T-S1:C_en_context|C_bug|hybrid|core,T-S1:C_en_context,hybrid,C_bug,huggingface/transformers#48312,6412,17,1,1,0,,chunkdoc_ddfe5d6157031938,False,gitignored frozen parent runs.jsonl
T-S1:C_en_context|C_bug|hybrid|core,T-S1:C_en_context,hybrid,C_bug,huggingface/transformers#47470,1011,3,1,1,0,,chunkdoc_b8f0952333896487,True,gitignored frozen parent runs.jsonl
T-S2:A_ko_symptom|C_raw|hybrid|core,T-S2:A_ko_symptom,hybrid,C_raw,huggingface/transformers#48826,205,1,1,0,0,,chunkdoc_91f61a51b40d8680,True,gitignored frozen parent runs.jsonl
T-S2:A_ko_symptom|C_raw|hybrid|core,T-S2:A_ko_symptom,hybrid,C_raw,huggingface/transformers#48755,637,2,1,1,0,,chunkdoc_ce118f91e625edf8,True,gitignored frozen parent runs.jsonl
T-S2:A_ko_symptom|C_raw|hybrid|core,T-S2:A_ko_symptom,hybrid,C_raw,huggingface/transformers#49066,2164,6,1,0,0,,chunkdoc_8e79eb97131bff60,True,gitignored frozen parent runs.jsonl
T-S2:A_ko_symptom|C_raw|hybrid|core,T-S2:A_ko_symptom,hybrid,C_raw,huggingface/transformers#48913,912,3,1,0,0,,chunkdoc_e652e532022673f8,True,gitignored frozen parent runs.jsonl
T-S2:A_ko_symptom|C_raw|hybrid|core,T-S2:A_ko_symptom,hybrid,C_raw,huggingface/transformers#49000,3472,9,1,3,0,,chunkdoc_fdc8f15766905379,True,gitignored frozen parent runs.jsonl
T-S2:A_ko_symptom|C_raw|semantic|core,T-S2:A_ko_symptom,semantic,C_raw,huggingface/transformers#48826,205,1,1,0,0,,chunkdoc_91f61a51b40d8680,True,gitignored frozen parent runs.jsonl
T-S2:A_ko_symptom|C_raw|semantic|core,T-S2:A_ko_symptom,semantic,C_raw,huggingface/transformers#49066,2164,6,1,0,0,,chunkdoc_8e79eb97131bff60,True,gitignored frozen parent runs.jsonl
T-S2:A_ko_symptom|C_raw|semantic|core,T-S2:A_ko_symptom,semantic,C_raw,huggingface/transformers#49000,3472,9,1,3,0,,chunkdoc_fdc8f15766905379,True,gitignored frozen parent runs.jsonl
T-S2:A_ko_symptom|C_raw|semantic|core,T-S2:A_ko_symptom,semantic,C_raw,huggingface/transformers#49175,8375,22,1,6,0,,chunkdoc_93d15d45a22fed9e,True,gitignored frozen parent runs.jsonl
T-S2:A_ko_symptom|C_raw|semantic|core,T-S2:A_ko_symptom,semantic,C_raw,huggingface/transformers#48422,2280,6,1,3,0,,chunkdoc_848eef6d13e03988,True,gitignored frozen parent runs.jsonl
T-S2:A_ko_symptom|C_bug|hybrid|core,T-S2:A_ko_symptom,hybrid,C_bug,huggingface/transformers#48826,205,1,1,0,0,,chunkdoc_91f61a51b40d8680,True,gitignored frozen parent runs.jsonl
T-S2:A_ko_symptom|C_bug|hybrid|core,T-S2:A_ko_symptom,hybrid,C_bug,huggingface/transformers#49066,2164,6,1,0,0,,chunkdoc_8e79eb97131bff60,True,gitignored frozen parent runs.jsonl
T-S2:A_ko_symptom|C_bug|hybrid|core,T-S2:A_ko_symptom,hybrid,C_bug,huggingface/transformers#49190,5949,16,1,4,0,,chunkdoc_603b94f2db272d6c,True,gitignored frozen parent runs.jsonl
T-S2:A_ko_symptom|C_bug|hybrid|core,T-S2:A_ko_symptom,hybrid,C_bug,huggingface/transformers#47553,884,3,1,0,0,,chunkdoc_d9f07a31be86af12,True,gitignored frozen parent runs.jsonl
T-S2:A_ko_symptom|C_bug|hybrid|core,T-S2:A_ko_symptom,hybrid,C_bug,huggingface/transformers#48567,1503,4,1,2,0,,chunkdoc_689e516d21be1243,True,gitignored frozen parent runs.jsonl
T-S2:A_ko_symptom|C_bug|semantic|core,T-S2:A_ko_symptom,semantic,C_bug,huggingface/transformers#48826,205,1,1,0,0,,chunkdoc_91f61a51b40d8680,True,gitignored frozen parent runs.jsonl
T-S2:A_ko_symptom|C_bug|semantic|core,T-S2:A_ko_symptom,semantic,C_bug,huggingface/transformers#49066,2164,6,1,0,0,,chunkdoc_8e79eb97131bff60,True,gitignored frozen parent runs.jsonl
T-S2:A_ko_symptom|C_bug|semantic|core,T-S2:A_ko_symptom,semantic,C_bug,huggingface/transformers#49190,5949,16,1,4,0,,chunkdoc_603b94f2db272d6c,True,gitignored frozen parent runs.jsonl
T-S2:A_ko_symptom|C_bug|semantic|core,T-S2:A_ko_symptom,semantic,C_bug,huggingface/transformers#47553,884,3,1,0,0,,chunkdoc_d9f07a31be86af12,True,gitignored frozen parent runs.jsonl
T-S2:A_ko_symptom|C_bug|semantic|core,T-S2:A_ko_symptom,semantic,C_bug,huggingface/transformers#48567,1503,4,1,2,0,,chunkdoc_689e516d21be1243,True,gitignored frozen parent runs.jsonl
T-S2:B_ko_context|C_raw|hybrid|core,T-S2:B_ko_context,hybrid,C_raw,huggingface/transformers#48826,205,1,1,0,0,,chunkdoc_91f61a51b40d8680,True,gitignored frozen parent runs.jsonl
T-S2:B_ko_context|C_raw|hybrid|core,T-S2:B_ko_context,hybrid,C_raw,huggingface/transformers#49066,2164,6,1,1,0,,chunkdoc_8e79eb97131bff60,False,gitignored frozen parent runs.jsonl
T-S2:B_ko_context|C_raw|hybrid|core,T-S2:B_ko_context,hybrid,C_raw,huggingface/transformers#48350,464,2,1,0,0,,chunkdoc_304ff474a2fbdcd8,True,gitignored frozen parent runs.jsonl
T-S2:B_ko_context|C_raw|hybrid|core,T-S2:B_ko_context,hybrid,C_raw,huggingface/transformers#49175,8375,22,1,6,0,,chunkdoc_93d15d45a22fed9e,True,gitignored frozen parent runs.jsonl
T-S2:B_ko_context|C_raw|hybrid|core,T-S2:B_ko_context,hybrid,C_raw,huggingface/transformers#48148,1350,4,1,3,0,,chunkdoc_7a838b925e894b2a,True,gitignored frozen parent runs.jsonl
T-S2:B_ko_context|C_raw|semantic|core,T-S2:B_ko_context,semantic,C_raw,huggingface/transformers#49066,2164,6,1,1,0,,chunkdoc_8e79eb97131bff60,False,gitignored frozen parent runs.jsonl
T-S2:B_ko_context|C_raw|semantic|core,T-S2:B_ko_context,semantic,C_raw,huggingface/transformers#48826,205,1,1,0,0,,chunkdoc_91f61a51b40d8680,True,gitignored frozen parent runs.jsonl
T-S2:B_ko_context|C_raw|semantic|core,T-S2:B_ko_context,semantic,C_raw,huggingface/transformers#48050,2799,8,1,5,0,,chunkdoc_f850c1a80addbf3a,True,gitignored frozen parent runs.jsonl
T-S2:B_ko_context|C_raw|semantic|core,T-S2:B_ko_context,semantic,C_raw,huggingface/transformers#49169,6424,17,1,10,0,,chunkdoc_0bcc953d92408d12,True,gitignored frozen parent runs.jsonl
T-S2:B_ko_context|C_raw|semantic|core,T-S2:B_ko_context,semantic,C_raw,huggingface/transformers#48749,4928,13,1,4,0,,chunkdoc_b7e3c40938ed064a,True,gitignored frozen parent runs.jsonl
T-S2:B_ko_context|C_bug|hybrid|core,T-S2:B_ko_context,hybrid,C_bug,huggingface/transformers#48826,205,1,1,0,0,,chunkdoc_91f61a51b40d8680,True,gitignored frozen parent runs.jsonl
T-S2:B_ko_context|C_bug|hybrid|core,T-S2:B_ko_context,hybrid,C_bug,huggingface/transformers#49066,2164,6,1,1,0,,chunkdoc_8e79eb97131bff60,False,gitignored frozen parent runs.jsonl
T-S2:B_ko_context|C_bug|hybrid|core,T-S2:B_ko_context,hybrid,C_bug,huggingface/transformers#48148,1350,4,1,3,0,,chunkdoc_7a838b925e894b2a,True,gitignored frozen parent runs.jsonl
T-S2:B_ko_context|C_bug|hybrid|core,T-S2:B_ko_context,hybrid,C_bug,huggingface/transformers#49190,5949,16,1,4,0,,chunkdoc_603b94f2db272d6c,True,gitignored frozen parent runs.jsonl
T-S2:B_ko_context|C_bug|hybrid|core,T-S2:B_ko_context,hybrid,C_bug,huggingface/transformers#48690,9897,26,1,4,0,,chunkdoc_4319d8bf817c537d,False,gitignored frozen parent runs.jsonl
T-S2:B_ko_context|C_bug|semantic|core,T-S2:B_ko_context,semantic,C_bug,huggingface/transformers#49066,2164,6,1,1,0,,chunkdoc_8e79eb97131bff60,False,gitignored frozen parent runs.jsonl
T-S2:B_ko_context|C_bug|semantic|core,T-S2:B_ko_context,semantic,C_bug,huggingface/transformers#48826,205,1,1,0,0,,chunkdoc_91f61a51b40d8680,True,gitignored frozen parent runs.jsonl
T-S2:B_ko_context|C_bug|semantic|core,T-S2:B_ko_context,semantic,C_bug,huggingface/transformers#48690,9897,26,1,4,0,,chunkdoc_4319d8bf817c537d,False,gitignored frozen parent runs.jsonl
T-S2:B_ko_context|C_bug|semantic|core,T-S2:B_ko_context,semantic,C_bug,huggingface/transformers#47553,884,3,1,0,0,,chunkdoc_d9f07a31be86af12,True,gitignored frozen parent runs.jsonl
T-S2:B_ko_context|C_bug|semantic|core,T-S2:B_ko_context,semantic,C_bug,huggingface/transformers#48148,1350,4,1,3,0,,chunkdoc_7a838b925e894b2a,True,gitignored frozen parent runs.jsonl
T-S2:C_en_context|C_raw|semantic|core,T-S2:C_en_context,semantic,C_raw,huggingface/transformers#48826,205,1,1,0,0,,chunkdoc_91f61a51b40d8680,True,gitignored frozen parent runs.jsonl
T-S2:C_en_context|C_raw|semantic|core,T-S2:C_en_context,semantic,C_raw,huggingface/transformers#47407,550,2,1,0,0,,chunkdoc_fde13e723ab1a4ff,True,gitignored frozen parent runs.jsonl
T-S2:C_en_context|C_raw|semantic|core,T-S2:C_en_context,semantic,C_raw,huggingface/transformers#48050,2799,8,1,5,0,,chunkdoc_f850c1a80addbf3a,True,gitignored frozen parent runs.jsonl
T-S2:C_en_context|C_raw|semantic|core,T-S2:C_en_context,semantic,C_raw,huggingface/transformers#48718,624,2,1,1,0,,chunkdoc_f995ea20e82a57ce,True,gitignored frozen parent runs.jsonl
T-S2:C_en_context|C_raw|semantic|core,T-S2:C_en_context,semantic,C_raw,huggingface/transformers#48889,991,3,1,2,0,,chunkdoc_b1cbf678e00ae318,True,gitignored frozen parent runs.jsonl
T-S2:C_en_context|C_raw|hybrid|core,T-S2:C_en_context,hybrid,C_raw,huggingface/transformers#48826,205,1,1,0,0,,chunkdoc_91f61a51b40d8680,True,gitignored frozen parent runs.jsonl
T-S2:C_en_context|C_raw|hybrid|core,T-S2:C_en_context,hybrid,C_raw,huggingface/transformers#48690,9897,26,1,13,0,,chunkdoc_4319d8bf817c537d,False,gitignored frozen parent runs.jsonl
T-S2:C_en_context|C_raw|hybrid|core,T-S2:C_en_context,hybrid,C_raw,huggingface/transformers#47688,2823,8,1,0,0,,chunkdoc_e667b2a2d445a2ef,True,gitignored frozen parent runs.jsonl
T-S2:C_en_context|C_raw|hybrid|core,T-S2:C_en_context,hybrid,C_raw,huggingface/transformers#48841,768,2,1,0,0,,chunkdoc_9cc1f2f9f0bfb3bf,True,gitignored frozen parent runs.jsonl
T-S2:C_en_context|C_raw|hybrid|core,T-S2:C_en_context,hybrid,C_raw,huggingface/transformers#48148,1350,4,1,3,0,,chunkdoc_7a838b925e894b2a,True,gitignored frozen parent runs.jsonl
T-S2:C_en_context|C_bug|semantic|core,T-S2:C_en_context,semantic,C_bug,huggingface/transformers#48826,205,1,1,0,0,,chunkdoc_91f61a51b40d8680,True,gitignored frozen parent runs.jsonl
T-S2:C_en_context|C_bug|semantic|core,T-S2:C_en_context,semantic,C_bug,huggingface/transformers#48491,650,2,1,1,0,,chunkdoc_65d26761f89a6d0e,True,gitignored frozen parent runs.jsonl
T-S2:C_en_context|C_bug|semantic|core,T-S2:C_en_context,semantic,C_bug,huggingface/transformers#48690,9897,26,1,13,0,,chunkdoc_4319d8bf817c537d,False,gitignored frozen parent runs.jsonl
T-S2:C_en_context|C_bug|semantic|core,T-S2:C_en_context,semantic,C_bug,huggingface/transformers#49193,1379,4,1,0,0,,chunkdoc_cd00824a2a251169,True,gitignored frozen parent runs.jsonl
T-S2:C_en_context|C_bug|semantic|core,T-S2:C_en_context,semantic,C_bug,huggingface/transformers#48148,1350,4,1,3,0,,chunkdoc_7a838b925e894b2a,True,gitignored frozen parent runs.jsonl
T-S2:C_en_context|C_bug|hybrid|core,T-S2:C_en_context,hybrid,C_bug,huggingface/transformers#48826,205,1,1,0,0,,chunkdoc_91f61a51b40d8680,True,gitignored frozen parent runs.jsonl
T-S2:C_en_context|C_bug|hybrid|core,T-S2:C_en_context,hybrid,C_bug,huggingface/transformers#48690,9897,26,1,13,0,,chunkdoc_4319d8bf817c537d,False,gitignored frozen parent runs.jsonl
T-S2:C_en_context|C_bug|hybrid|core,T-S2:C_en_context,hybrid,C_bug,huggingface/transformers#48148,1350,4,1,3,0,,chunkdoc_7a838b925e894b2a,True,gitignored frozen parent runs.jsonl
T-S2:C_en_context|C_bug|hybrid|core,T-S2:C_en_context,hybrid,C_bug,huggingface/transformers#49193,1379,4,1,0,0,,chunkdoc_cd00824a2a251169,True,gitignored frozen parent runs.jsonl
T-S2:C_en_context|C_bug|hybrid|core,T-S2:C_en_context,hybrid,C_bug,huggingface/transformers#49066,2164,6,1,4,0,,chunkdoc_8e79eb97131bff60,False,gitignored frozen parent runs.jsonl
T-C1:A_ko_symptom|C_raw|semantic|core,T-C1:A_ko_symptom,semantic,C_raw,huggingface/transformers#48703,529,2,1,0,0,,chunkdoc_4462028e43556818,True,gitignored frozen parent runs.jsonl
T-C1:A_ko_symptom|C_raw|semantic|core,T-C1:A_ko_symptom,semantic,C_raw,huggingface/transformers#47981,2382,7,1,1,0,,chunkdoc_dc74fa4d173aa180,True,gitignored frozen parent runs.jsonl
T-C1:A_ko_symptom|C_raw|semantic|core,T-C1:A_ko_symptom,semantic,C_raw,huggingface/transformers#48501,658,2,1,0,0,,chunkdoc_af56ef13f353dfa2,True,gitignored frozen parent runs.jsonl
T-C1:A_ko_symptom|C_raw|semantic|core,T-C1:A_ko_symptom,semantic,C_raw,huggingface/transformers#49175,8375,22,1,15,0,,chunkdoc_93d15d45a22fed9e,False,gitignored frozen parent runs.jsonl
T-C1:A_ko_symptom|C_raw|semantic|core,T-C1:A_ko_symptom,semantic,C_raw,huggingface/transformers#49051,4602,12,1,11,0,,chunkdoc_49e20e73e0ca432b,True,gitignored frozen parent runs.jsonl
T-C1:A_ko_symptom|C_raw|hybrid|core,T-C1:A_ko_symptom,hybrid,C_raw,huggingface/transformers#48703,529,2,1,0,0,,chunkdoc_4462028e43556818,True,gitignored frozen parent runs.jsonl
T-C1:A_ko_symptom|C_raw|hybrid|core,T-C1:A_ko_symptom,hybrid,C_raw,huggingface/transformers#47981,2382,7,1,1,0,,chunkdoc_dc74fa4d173aa180,True,gitignored frozen parent runs.jsonl
T-C1:A_ko_symptom|C_raw|hybrid|core,T-C1:A_ko_symptom,hybrid,C_raw,huggingface/transformers#48501,658,2,1,0,0,,chunkdoc_af56ef13f353dfa2,True,gitignored frozen parent runs.jsonl
T-C1:A_ko_symptom|C_raw|hybrid|core,T-C1:A_ko_symptom,hybrid,C_raw,huggingface/transformers#49175,8375,22,1,15,0,,chunkdoc_93d15d45a22fed9e,False,gitignored frozen parent runs.jsonl
T-C1:A_ko_symptom|C_raw|hybrid|core,T-C1:A_ko_symptom,hybrid,C_raw,huggingface/transformers#49051,4602,12,1,11,0,,chunkdoc_49e20e73e0ca432b,True,gitignored frozen parent runs.jsonl
T-C1:A_ko_symptom|C_bug|semantic|core,T-C1:A_ko_symptom,semantic,C_bug,huggingface/transformers#48703,529,2,1,0,0,,chunkdoc_4462028e43556818,True,gitignored frozen parent runs.jsonl
T-C1:A_ko_symptom|C_bug|semantic|core,T-C1:A_ko_symptom,semantic,C_bug,huggingface/transformers#48501,658,2,1,0,0,,chunkdoc_af56ef13f353dfa2,True,gitignored frozen parent runs.jsonl
T-C1:A_ko_symptom|C_bug|semantic|core,T-C1:A_ko_symptom,semantic,C_bug,huggingface/transformers#49051,4602,12,1,11,0,,chunkdoc_49e20e73e0ca432b,True,gitignored frozen parent runs.jsonl
T-C1:A_ko_symptom|C_bug|semantic|core,T-C1:A_ko_symptom,semantic,C_bug,huggingface/transformers#47721,1515,4,1,1,0,,chunkdoc_e246f1b1da07fcdf,True,gitignored frozen parent runs.jsonl
T-C1:A_ko_symptom|C_bug|semantic|core,T-C1:A_ko_symptom,semantic,C_bug,huggingface/transformers#47530,995,3,1,2,0,,chunkdoc_847abe7f42673926,True,gitignored frozen parent runs.jsonl
T-C1:A_ko_symptom|C_bug|hybrid|core,T-C1:A_ko_symptom,hybrid,C_bug,huggingface/transformers#48703,529,2,1,0,0,,chunkdoc_4462028e43556818,True,gitignored frozen parent runs.jsonl
T-C1:A_ko_symptom|C_bug|hybrid|core,T-C1:A_ko_symptom,hybrid,C_bug,huggingface/transformers#48501,658,2,1,0,0,,chunkdoc_af56ef13f353dfa2,True,gitignored frozen parent runs.jsonl
T-C1:A_ko_symptom|C_bug|hybrid|core,T-C1:A_ko_symptom,hybrid,C_bug,huggingface/transformers#49051,4602,12,1,11,0,,chunkdoc_49e20e73e0ca432b,True,gitignored frozen parent runs.jsonl
T-C1:A_ko_symptom|C_bug|hybrid|core,T-C1:A_ko_symptom,hybrid,C_bug,huggingface/transformers#47721,1515,4,1,1,0,,chunkdoc_e246f1b1da07fcdf,True,gitignored frozen parent runs.jsonl
T-C1:A_ko_symptom|C_bug|hybrid|core,T-C1:A_ko_symptom,hybrid,C_bug,huggingface/transformers#47530,995,3,1,2,0,,chunkdoc_847abe7f42673926,True,gitignored frozen parent runs.jsonl
T-C1:B_ko_context|C_raw|semantic|core,T-C1:B_ko_context,semantic,C_raw,huggingface/transformers#48501,658,2,1,0,0,,chunkdoc_af56ef13f353dfa2,True,gitignored frozen parent runs.jsonl
T-C1:B_ko_context|C_raw|semantic|core,T-C1:B_ko_context,semantic,C_raw,huggingface/transformers#47721,1515,4,1,2,0,,chunkdoc_e246f1b1da07fcdf,False,gitignored frozen parent runs.jsonl
T-C1:B_ko_context|C_raw|semantic|core,T-C1:B_ko_context,semantic,C_raw,huggingface/transformers#47534,1607,5,1,2,0,,chunkdoc_d1d7d61529c16150,True,gitignored frozen parent runs.jsonl
T-C1:B_ko_context|C_raw|semantic|core,T-C1:B_ko_context,semantic,C_raw,huggingface/transformers#48305,716,2,1,0,0,,chunkdoc_9607aa719b5b6026,True,gitignored frozen parent runs.jsonl
T-C1:B_ko_context|C_raw|semantic|core,T-C1:B_ko_context,semantic,C_raw,huggingface/transformers#48703,529,2,1,0,0,,chunkdoc_4462028e43556818,True,gitignored frozen parent runs.jsonl
T-C1:B_ko_context|C_raw|hybrid|core,T-C1:B_ko_context,hybrid,C_raw,huggingface/transformers#48501,658,2,1,0,0,,chunkdoc_af56ef13f353dfa2,True,gitignored frozen parent runs.jsonl
T-C1:B_ko_context|C_raw|hybrid|core,T-C1:B_ko_context,hybrid,C_raw,huggingface/transformers#47721,1515,4,1,2,0,,chunkdoc_e246f1b1da07fcdf,False,gitignored frozen parent runs.jsonl
T-C1:B_ko_context|C_raw|hybrid|core,T-C1:B_ko_context,hybrid,C_raw,huggingface/transformers#48392,1826,5,1,0,0,,chunkdoc_b885d1d6faea90f9,True,gitignored frozen parent runs.jsonl
T-C1:B_ko_context|C_raw|hybrid|core,T-C1:B_ko_context,hybrid,C_raw,huggingface/transformers#47534,1607,5,1,2,0,,chunkdoc_d1d7d61529c16150,True,gitignored frozen parent runs.jsonl
T-C1:B_ko_context|C_raw|hybrid|core,T-C1:B_ko_context,hybrid,C_raw,huggingface/transformers#48101,868,3,1,0,0,,chunkdoc_45619d308d825d0b,True,gitignored frozen parent runs.jsonl
T-C1:B_ko_context|C_bug|semantic|core,T-C1:B_ko_context,semantic,C_bug,huggingface/transformers#48501,658,2,1,0,0,,chunkdoc_af56ef13f353dfa2,True,gitignored frozen parent runs.jsonl
T-C1:B_ko_context|C_bug|semantic|core,T-C1:B_ko_context,semantic,C_bug,huggingface/transformers#47721,1515,4,1,2,0,,chunkdoc_e246f1b1da07fcdf,False,gitignored frozen parent runs.jsonl
T-C1:B_ko_context|C_bug|semantic|core,T-C1:B_ko_context,semantic,C_bug,huggingface/transformers#48703,529,2,1,0,0,,chunkdoc_4462028e43556818,True,gitignored frozen parent runs.jsonl
T-C1:B_ko_context|C_bug|semantic|core,T-C1:B_ko_context,semantic,C_bug,huggingface/transformers#49051,4602,12,1,11,0,,chunkdoc_49e20e73e0ca432b,True,gitignored frozen parent runs.jsonl
T-C1:B_ko_context|C_bug|semantic|core,T-C1:B_ko_context,semantic,C_bug,huggingface/transformers#47914,868,3,1,1,0,,chunkdoc_09a4d1cbc4a884c0,True,gitignored frozen parent runs.jsonl
T-C1:B_ko_context|C_bug|hybrid|core,T-C1:B_ko_context,hybrid,C_bug,huggingface/transformers#48501,658,2,1,0,0,,chunkdoc_af56ef13f353dfa2,True,gitignored frozen parent runs.jsonl
T-C1:B_ko_context|C_bug|hybrid|core,T-C1:B_ko_context,hybrid,C_bug,huggingface/transformers#47721,1515,4,1,2,0,,chunkdoc_e246f1b1da07fcdf,False,gitignored frozen parent runs.jsonl
T-C1:B_ko_context|C_bug|hybrid|core,T-C1:B_ko_context,hybrid,C_bug,huggingface/transformers#47246,2773,8,1,5,0,,chunkdoc_be22715531b36787,True,gitignored frozen parent runs.jsonl
T-C1:B_ko_context|C_bug|hybrid|core,T-C1:B_ko_context,hybrid,C_bug,huggingface/transformers#48630,1013,3,1,1,0,,chunkdoc_f16cf78e25324bab,True,gitignored frozen parent runs.jsonl
T-C1:B_ko_context|C_bug|hybrid|core,T-C1:B_ko_context,hybrid,C_bug,huggingface/transformers#48693,2492,7,1,0,0,,chunkdoc_8a82222f6967b521,True,gitignored frozen parent runs.jsonl
T-C1:C_en_context|C_raw|semantic|core,T-C1:C_en_context,semantic,C_raw,huggingface/transformers#48501,658,2,1,0,0,,chunkdoc_af56ef13f353dfa2,True,gitignored frozen parent runs.jsonl
T-C1:C_en_context|C_raw|semantic|core,T-C1:C_en_context,semantic,C_raw,huggingface/transformers#47721,1515,4,1,2,0,,chunkdoc_e246f1b1da07fcdf,False,gitignored frozen parent runs.jsonl
T-C1:C_en_context|C_raw|semantic|core,T-C1:C_en_context,semantic,C_raw,huggingface/transformers#47534,1607,5,1,2,0,,chunkdoc_d1d7d61529c16150,True,gitignored frozen parent runs.jsonl
T-C1:C_en_context|C_raw|semantic|core,T-C1:C_en_context,semantic,C_raw,huggingface/transformers#48305,716,2,1,0,0,,chunkdoc_9607aa719b5b6026,True,gitignored frozen parent runs.jsonl
T-C1:C_en_context|C_raw|semantic|core,T-C1:C_en_context,semantic,C_raw,huggingface/transformers#48392,1826,5,1,0,0,,chunkdoc_b885d1d6faea90f9,True,gitignored frozen parent runs.jsonl
T-C1:C_en_context|C_raw|hybrid|core,T-C1:C_en_context,hybrid,C_raw,huggingface/transformers#48501,658,2,1,0,0,,chunkdoc_af56ef13f353dfa2,True,gitignored frozen parent runs.jsonl
T-C1:C_en_context|C_raw|hybrid|core,T-C1:C_en_context,hybrid,C_raw,huggingface/transformers#47721,1515,4,1,2,0,,chunkdoc_e246f1b1da07fcdf,False,gitignored frozen parent runs.jsonl
T-C1:C_en_context|C_raw|hybrid|core,T-C1:C_en_context,hybrid,C_raw,huggingface/transformers#48392,1826,5,1,0,0,,chunkdoc_b885d1d6faea90f9,True,gitignored frozen parent runs.jsonl
T-C1:C_en_context|C_raw|hybrid|core,T-C1:C_en_context,hybrid,C_raw,huggingface/transformers#47534,1607,5,1,2,0,,chunkdoc_d1d7d61529c16150,True,gitignored frozen parent runs.jsonl
T-C1:C_en_context|C_raw|hybrid|core,T-C1:C_en_context,hybrid,C_raw,huggingface/transformers#48305,716,2,1,0,0,,chunkdoc_9607aa719b5b6026,True,gitignored frozen parent runs.jsonl
T-C1:C_en_context|C_bug|semantic|core,T-C1:C_en_context,semantic,C_bug,huggingface/transformers#48501,658,2,1,0,0,,chunkdoc_af56ef13f353dfa2,True,gitignored frozen parent runs.jsonl
T-C1:C_en_context|C_bug|semantic|core,T-C1:C_en_context,semantic,C_bug,huggingface/transformers#47721,1515,4,1,2,0,,chunkdoc_e246f1b1da07fcdf,False,gitignored frozen parent runs.jsonl
T-C1:C_en_context|C_bug|semantic|core,T-C1:C_en_context,semantic,C_bug,huggingface/transformers#48703,529,2,1,0,0,,chunkdoc_4462028e43556818,True,gitignored frozen parent runs.jsonl
T-C1:C_en_context|C_bug|semantic|core,T-C1:C_en_context,semantic,C_bug,huggingface/transformers#49051,4602,12,1,11,0,,chunkdoc_49e20e73e0ca432b,True,gitignored frozen parent runs.jsonl
T-C1:C_en_context|C_bug|semantic|core,T-C1:C_en_context,semantic,C_bug,huggingface/transformers#47914,868,3,1,1,0,,chunkdoc_09a4d1cbc4a884c0,True,gitignored frozen parent runs.jsonl
T-C1:C_en_context|C_bug|hybrid|core,T-C1:C_en_context,hybrid,C_bug,huggingface/transformers#48501,658,2,1,0,0,,chunkdoc_af56ef13f353dfa2,True,gitignored frozen parent runs.jsonl
T-C1:C_en_context|C_bug|hybrid|core,T-C1:C_en_context,hybrid,C_bug,huggingface/transformers#47721,1515,4,1,2,0,,chunkdoc_e246f1b1da07fcdf,False,gitignored frozen parent runs.jsonl
T-C1:C_en_context|C_bug|hybrid|core,T-C1:C_en_context,hybrid,C_bug,huggingface/transformers#47246,2773,8,1,5,0,,chunkdoc_be22715531b36787,True,gitignored frozen parent runs.jsonl
T-C1:C_en_context|C_bug|hybrid|core,T-C1:C_en_context,hybrid,C_bug,huggingface/transformers#48630,1013,3,1,1,0,,chunkdoc_f16cf78e25324bab,True,gitignored frozen parent runs.jsonl
T-C1:C_en_context|C_bug|hybrid|core,T-C1:C_en_context,hybrid,C_bug,huggingface/transformers#49185,3101,8,1,2,0,,chunkdoc_b78c9f7c4ab811fe,True,gitignored frozen parent runs.jsonl
T-C2:A_ko_symptom|C_raw|semantic|core,T-C2:A_ko_symptom,semantic,C_raw,huggingface/transformers#48315,1352,4,1,0,0,,chunkdoc_ab54da867b4c547b,True,gitignored frozen parent runs.jsonl
T-C2:A_ko_symptom|C_raw|semantic|core,T-C2:A_ko_symptom,semantic,C_raw,huggingface/transformers#49193,1379,4,1,0,0,,chunkdoc_cd00824a2a251169,True,gitignored frozen parent runs.jsonl
T-C2:A_ko_symptom|C_raw|semantic|core,T-C2:A_ko_symptom,semantic,C_raw,huggingface/transformers#49121,955,3,1,0,0,,chunkdoc_93719876fe765ba9,True,gitignored frozen parent runs.jsonl
T-C2:A_ko_symptom|C_raw|semantic|core,T-C2:A_ko_symptom,semantic,C_raw,huggingface/transformers#48805,1012,3,1,1,0,,chunkdoc_f1d33f44b01c2d88,False,gitignored frozen parent runs.jsonl
T-C2:A_ko_symptom|C_raw|semantic|core,T-C2:A_ko_symptom,semantic,C_raw,huggingface/transformers#47375,2008,6,1,1,0,,chunkdoc_4adf475d3c57db8f,True,gitignored frozen parent runs.jsonl
T-C2:A_ko_symptom|C_raw|hybrid|core,T-C2:A_ko_symptom,hybrid,C_raw,huggingface/transformers#48315,1352,4,1,0,0,,chunkdoc_ab54da867b4c547b,True,gitignored frozen parent runs.jsonl
T-C2:A_ko_symptom|C_raw|hybrid|core,T-C2:A_ko_symptom,hybrid,C_raw,huggingface/transformers#47375,2008,6,1,1,0,,chunkdoc_4adf475d3c57db8f,True,gitignored frozen parent runs.jsonl
T-C2:A_ko_symptom|C_raw|hybrid|core,T-C2:A_ko_symptom,hybrid,C_raw,huggingface/transformers#49193,1379,4,1,0,0,,chunkdoc_cd00824a2a251169,True,gitignored frozen parent runs.jsonl
T-C2:A_ko_symptom|C_raw|hybrid|core,T-C2:A_ko_symptom,hybrid,C_raw,huggingface/transformers#48874,339,1,1,0,0,,chunkdoc_b3c7cee2314c0496,True,gitignored frozen parent runs.jsonl
T-C2:A_ko_symptom|C_raw|hybrid|core,T-C2:A_ko_symptom,hybrid,C_raw,huggingface/transformers#49121,955,3,1,0,0,,chunkdoc_93719876fe765ba9,True,gitignored frozen parent runs.jsonl
T-C2:A_ko_symptom|C_bug|semantic|core,T-C2:A_ko_symptom,semantic,C_bug,huggingface/transformers#49193,1379,4,1,0,0,,chunkdoc_cd00824a2a251169,True,gitignored frozen parent runs.jsonl
T-C2:A_ko_symptom|C_bug|semantic|core,T-C2:A_ko_symptom,semantic,C_bug,huggingface/transformers#49121,955,3,1,0,0,,chunkdoc_93719876fe765ba9,True,gitignored frozen parent runs.jsonl
T-C2:A_ko_symptom|C_bug|semantic|core,T-C2:A_ko_symptom,semantic,C_bug,huggingface/transformers#48805,1012,3,1,1,0,,chunkdoc_f1d33f44b01c2d88,False,gitignored frozen parent runs.jsonl
T-C2:A_ko_symptom|C_bug|semantic|core,T-C2:A_ko_symptom,semantic,C_bug,huggingface/transformers#47254,1196,3,1,1,0,,chunkdoc_f8eada4d020c451f,True,gitignored frozen parent runs.jsonl
T-C2:A_ko_symptom|C_bug|semantic|core,T-C2:A_ko_symptom,semantic,C_bug,huggingface/transformers#49066,2164,6,1,1,0,,chunkdoc_8e79eb97131bff60,False,gitignored frozen parent runs.jsonl
T-C2:A_ko_symptom|C_bug|hybrid|core,T-C2:A_ko_symptom,hybrid,C_bug,huggingface/transformers#49193,1379,4,1,0,0,,chunkdoc_cd00824a2a251169,True,gitignored frozen parent runs.jsonl
T-C2:A_ko_symptom|C_bug|hybrid|core,T-C2:A_ko_symptom,hybrid,C_bug,huggingface/transformers#49121,955,3,1,0,0,,chunkdoc_93719876fe765ba9,True,gitignored frozen parent runs.jsonl
T-C2:A_ko_symptom|C_bug|hybrid|core,T-C2:A_ko_symptom,hybrid,C_bug,huggingface/transformers#48805,1012,3,1,1,0,,chunkdoc_f1d33f44b01c2d88,False,gitignored frozen parent runs.jsonl
T-C2:A_ko_symptom|C_bug|hybrid|core,T-C2:A_ko_symptom,hybrid,C_bug,huggingface/transformers#47254,1196,3,1,1,0,,chunkdoc_f8eada4d020c451f,True,gitignored frozen parent runs.jsonl
T-C2:A_ko_symptom|C_bug|hybrid|core,T-C2:A_ko_symptom,hybrid,C_bug,huggingface/transformers#48690,9897,26,1,3,0,,chunkdoc_4319d8bf817c537d,False,gitignored frozen parent runs.jsonl
T-C2:B_ko_context|C_raw|semantic|core,T-C2:B_ko_context,semantic,C_raw,huggingface/transformers#48315,1352,4,1,0,0,,chunkdoc_ab54da867b4c547b,True,gitignored frozen parent runs.jsonl
T-C2:B_ko_context|C_raw|semantic|core,T-C2:B_ko_context,semantic,C_raw,huggingface/transformers#48805,1012,3,1,1,0,,chunkdoc_f1d33f44b01c2d88,False,gitignored frozen parent runs.jsonl
T-C2:B_ko_context|C_raw|semantic|core,T-C2:B_ko_context,semantic,C_raw,huggingface/transformers#47333,859,3,1,1,0,,chunkdoc_d0f2c2627ec70bff,False,gitignored frozen parent runs.jsonl
T-C2:B_ko_context|C_raw|semantic|core,T-C2:B_ko_context,semantic,C_raw,huggingface/transformers#48422,2280,6,1,3,0,,chunkdoc_848eef6d13e03988,True,gitignored frozen parent runs.jsonl
T-C2:B_ko_context|C_raw|semantic|core,T-C2:B_ko_context,semantic,C_raw,huggingface/transformers#49121,955,3,1,0,0,,chunkdoc_93719876fe765ba9,True,gitignored frozen parent runs.jsonl
T-C2:B_ko_context|C_raw|hybrid|core,T-C2:B_ko_context,hybrid,C_raw,huggingface/transformers#48315,1352,4,1,0,0,,chunkdoc_ab54da867b4c547b,True,gitignored frozen parent runs.jsonl
T-C2:B_ko_context|C_raw|hybrid|core,T-C2:B_ko_context,hybrid,C_raw,huggingface/transformers#49193,1379,4,1,0,0,,chunkdoc_cd00824a2a251169,True,gitignored frozen parent runs.jsonl
T-C2:B_ko_context|C_raw|hybrid|core,T-C2:B_ko_context,hybrid,C_raw,huggingface/transformers#48805,1012,3,1,1,0,,chunkdoc_f1d33f44b01c2d88,False,gitignored frozen parent runs.jsonl
T-C2:B_ko_context|C_raw|hybrid|core,T-C2:B_ko_context,hybrid,C_raw,huggingface/transformers#48592,2885,8,1,0,0,,chunkdoc_9d5df20a63cd47e4,True,gitignored frozen parent runs.jsonl
T-C2:B_ko_context|C_raw|hybrid|core,T-C2:B_ko_context,hybrid,C_raw,huggingface/transformers#49121,955,3,1,0,0,,chunkdoc_93719876fe765ba9,True,gitignored frozen parent runs.jsonl
T-C2:B_ko_context|C_bug|semantic|core,T-C2:B_ko_context,semantic,C_bug,huggingface/transformers#48805,1012,3,1,1,0,,chunkdoc_f1d33f44b01c2d88,False,gitignored frozen parent runs.jsonl
T-C2:B_ko_context|C_bug|semantic|core,T-C2:B_ko_context,semantic,C_bug,huggingface/transformers#47333,859,3,1,1,0,,chunkdoc_d0f2c2627ec70bff,False,gitignored frozen parent runs.jsonl
T-C2:B_ko_context|C_bug|semantic|core,T-C2:B_ko_context,semantic,C_bug,huggingface/transformers#49121,955,3,1,0,0,,chunkdoc_93719876fe765ba9,True,gitignored frozen parent runs.jsonl
T-C2:B_ko_context|C_bug|semantic|core,T-C2:B_ko_context,semantic,C_bug,huggingface/transformers#47332,844,3,1,1,0,,chunkdoc_480ceed2ae2cb007,True,gitignored frozen parent runs.jsonl
T-C2:B_ko_context|C_bug|semantic|core,T-C2:B_ko_context,semantic,C_bug,huggingface/transformers#47321,585,2,1,1,0,,chunkdoc_754e0a776437dbbe,True,gitignored frozen parent runs.jsonl
T-C2:B_ko_context|C_bug|hybrid|core,T-C2:B_ko_context,hybrid,C_bug,huggingface/transformers#49193,1379,4,1,0,0,,chunkdoc_cd00824a2a251169,True,gitignored frozen parent runs.jsonl
T-C2:B_ko_context|C_bug|hybrid|core,T-C2:B_ko_context,hybrid,C_bug,huggingface/transformers#48805,1012,3,1,1,0,,chunkdoc_f1d33f44b01c2d88,False,gitignored frozen parent runs.jsonl
T-C2:B_ko_context|C_bug|hybrid|core,T-C2:B_ko_context,hybrid,C_bug,huggingface/transformers#49121,955,3,1,0,0,,chunkdoc_93719876fe765ba9,True,gitignored frozen parent runs.jsonl
T-C2:B_ko_context|C_bug|hybrid|core,T-C2:B_ko_context,hybrid,C_bug,huggingface/transformers#47254,1196,3,1,1,0,,chunkdoc_f8eada4d020c451f,True,gitignored frozen parent runs.jsonl
T-C2:B_ko_context|C_bug|hybrid|core,T-C2:B_ko_context,hybrid,C_bug,huggingface/transformers#48285,1979,5,1,0,0,,chunkdoc_8f54b45a5ca1bcbe,True,gitignored frozen parent runs.jsonl
T-C2:C_en_context|C_raw|hybrid|core,T-C2:C_en_context,hybrid,C_raw,huggingface/transformers#48315,1352,4,1,0,0,,chunkdoc_ab54da867b4c547b,True,gitignored frozen parent runs.jsonl
T-C2:C_en_context|C_raw|hybrid|core,T-C2:C_en_context,hybrid,C_raw,huggingface/transformers#49193,1379,4,1,0,0,,chunkdoc_cd00824a2a251169,True,gitignored frozen parent runs.jsonl
T-C2:C_en_context|C_raw|hybrid|core,T-C2:C_en_context,hybrid,C_raw,huggingface/transformers#49121,955,3,1,0,0,,chunkdoc_93719876fe765ba9,True,gitignored frozen parent runs.jsonl
T-C2:C_en_context|C_raw|hybrid|core,T-C2:C_en_context,hybrid,C_raw,huggingface/transformers#47254,1196,3,1,1,0,,chunkdoc_f8eada4d020c451f,True,gitignored frozen parent runs.jsonl
T-C2:C_en_context|C_raw|hybrid|core,T-C2:C_en_context,hybrid,C_raw,huggingface/transformers#48592,2885,8,1,0,0,,chunkdoc_9d5df20a63cd47e4,True,gitignored frozen parent runs.jsonl
T-C2:C_en_context|C_raw|semantic|core,T-C2:C_en_context,semantic,C_raw,huggingface/transformers#48315,1352,4,1,0,0,,chunkdoc_ab54da867b4c547b,True,gitignored frozen parent runs.jsonl
T-C2:C_en_context|C_raw|semantic|core,T-C2:C_en_context,semantic,C_raw,huggingface/transformers#48805,1012,3,1,1,0,,chunkdoc_f1d33f44b01c2d88,False,gitignored frozen parent runs.jsonl
T-C2:C_en_context|C_raw|semantic|core,T-C2:C_en_context,semantic,C_raw,huggingface/transformers#49193,1379,4,1,0,0,,chunkdoc_cd00824a2a251169,True,gitignored frozen parent runs.jsonl
T-C2:C_en_context|C_raw|semantic|core,T-C2:C_en_context,semantic,C_raw,huggingface/transformers#49121,955,3,1,0,0,,chunkdoc_93719876fe765ba9,True,gitignored frozen parent runs.jsonl
T-C2:C_en_context|C_raw|semantic|core,T-C2:C_en_context,semantic,C_raw,huggingface/transformers#48592,2885,8,1,0,0,,chunkdoc_9d5df20a63cd47e4,True,gitignored frozen parent runs.jsonl
T-C2:C_en_context|C_bug|hybrid|core,T-C2:C_en_context,hybrid,C_bug,huggingface/transformers#49193,1379,4,1,0,0,,chunkdoc_cd00824a2a251169,True,gitignored frozen parent runs.jsonl
T-C2:C_en_context|C_bug|hybrid|core,T-C2:C_en_context,hybrid,C_bug,huggingface/transformers#49121,955,3,1,0,0,,chunkdoc_93719876fe765ba9,True,gitignored frozen parent runs.jsonl
T-C2:C_en_context|C_bug|hybrid|core,T-C2:C_en_context,hybrid,C_bug,huggingface/transformers#47254,1196,3,1,1,0,,chunkdoc_f8eada4d020c451f,True,gitignored frozen parent runs.jsonl
T-C2:C_en_context|C_bug|hybrid|core,T-C2:C_en_context,hybrid,C_bug,huggingface/transformers#48805,1012,3,1,1,0,,chunkdoc_f1d33f44b01c2d88,False,gitignored frozen parent runs.jsonl
T-C2:C_en_context|C_bug|hybrid|core,T-C2:C_en_context,hybrid,C_bug,huggingface/transformers#48285,1979,5,1,0,0,,chunkdoc_8f54b45a5ca1bcbe,True,gitignored frozen parent runs.jsonl
T-C2:C_en_context|C_bug|semantic|core,T-C2:C_en_context,semantic,C_bug,huggingface/transformers#48805,1012,3,1,1,0,,chunkdoc_f1d33f44b01c2d88,False,gitignored frozen parent runs.jsonl
T-C2:C_en_context|C_bug|semantic|core,T-C2:C_en_context,semantic,C_bug,huggingface/transformers#49193,1379,4,1,0,0,,chunkdoc_cd00824a2a251169,True,gitignored frozen parent runs.jsonl
T-C2:C_en_context|C_bug|semantic|core,T-C2:C_en_context,semantic,C_bug,huggingface/transformers#49121,955,3,1,0,0,,chunkdoc_93719876fe765ba9,True,gitignored frozen parent runs.jsonl
T-C2:C_en_context|C_bug|semantic|core,T-C2:C_en_context,semantic,C_bug,huggingface/transformers#47254,1196,3,1,1,0,,chunkdoc_f8eada4d020c451f,True,gitignored frozen parent runs.jsonl
T-C2:C_en_context|C_bug|semantic|core,T-C2:C_en_context,semantic,C_bug,huggingface/transformers#47405,798,2,1,1,0,,chunkdoc_c6f476d94fc1c2c4,True,gitignored frozen parent runs.jsonl
H-O:B_ko_context|C_raw|hybrid|historical,H-O:B_ko_context,hybrid,C_raw,opencv/opencv#29562,894,3,1,1,0,,chunkdoc_728c74fe8a9654a4,True,gitignored frozen parent runs.jsonl
H-O:B_ko_context|C_raw|hybrid|historical,H-O:B_ko_context,hybrid,C_raw,opencv/opencv#28904,1280,4,1,0,0,,chunkdoc_52dca3ee82057ab2,False,gitignored frozen parent runs.jsonl
H-O:B_ko_context|C_raw|hybrid|historical,H-O:B_ko_context,hybrid,C_raw,opencv/opencv#29724,1385,4,1,0,0,,chunkdoc_62cc15ea894a547c,True,gitignored frozen parent runs.jsonl
H-O:B_ko_context|C_raw|hybrid|historical,H-O:B_ko_context,hybrid,C_raw,opencv/opencv#28831,1053,3,1,2,0,,chunkdoc_1e131433ac6de20b,False,gitignored frozen parent runs.jsonl
H-O:B_ko_context|C_raw|hybrid|historical,H-O:B_ko_context,hybrid,C_raw,opencv/opencv#29112,4118,11,1,8,0,,chunkdoc_d3b54f5de0b17ad0,True,gitignored frozen parent runs.jsonl
H-O:B_ko_context|C_raw|semantic|historical,H-O:B_ko_context,semantic,C_raw,opencv/opencv#29562,894,3,1,1,0,,chunkdoc_728c74fe8a9654a4,True,gitignored frozen parent runs.jsonl
H-O:B_ko_context|C_raw|semantic|historical,H-O:B_ko_context,semantic,C_raw,opencv/opencv#29278,887,3,1,0,0,,chunkdoc_50e4c4a9cf677e54,True,gitignored frozen parent runs.jsonl
H-O:B_ko_context|C_raw|semantic|historical,H-O:B_ko_context,semantic,C_raw,opencv/opencv#28904,1280,4,1,0,0,,chunkdoc_52dca3ee82057ab2,False,gitignored frozen parent runs.jsonl
H-O:B_ko_context|C_raw|semantic|historical,H-O:B_ko_context,semantic,C_raw,opencv/opencv#29724,1385,4,1,0,0,,chunkdoc_62cc15ea894a547c,True,gitignored frozen parent runs.jsonl
H-O:B_ko_context|C_raw|semantic|historical,H-O:B_ko_context,semantic,C_raw,opencv/opencv#29761,4761,13,1,2,0,,chunkdoc_8917b54528d41b14,False,gitignored frozen parent runs.jsonl
H-O:B_ko_context|C_bug|hybrid|historical,H-O:B_ko_context,hybrid,C_bug,opencv/opencv#29562,894,3,1,1,0,,chunkdoc_728c74fe8a9654a4,True,gitignored frozen parent runs.jsonl
H-O:B_ko_context|C_bug|hybrid|historical,H-O:B_ko_context,hybrid,C_bug,opencv/opencv#28904,1280,4,1,0,0,,chunkdoc_52dca3ee82057ab2,False,gitignored frozen parent runs.jsonl
H-O:B_ko_context|C_bug|hybrid|historical,H-O:B_ko_context,hybrid,C_bug,opencv/opencv#28831,1053,3,1,2,0,,chunkdoc_1e131433ac6de20b,False,gitignored frozen parent runs.jsonl
H-O:B_ko_context|C_bug|hybrid|historical,H-O:B_ko_context,hybrid,C_bug,opencv/opencv#29112,4118,11,1,8,0,,chunkdoc_d3b54f5de0b17ad0,True,gitignored frozen parent runs.jsonl
H-O:B_ko_context|C_bug|hybrid|historical,H-O:B_ko_context,hybrid,C_bug,opencv/opencv#28251,551,2,1,1,0,,chunkdoc_838b20c71b49d1c5,True,gitignored frozen parent runs.jsonl
H-O:B_ko_context|C_bug|semantic|historical,H-O:B_ko_context,semantic,C_bug,opencv/opencv#29562,894,3,1,1,0,,chunkdoc_728c74fe8a9654a4,True,gitignored frozen parent runs.jsonl
H-O:B_ko_context|C_bug|semantic|historical,H-O:B_ko_context,semantic,C_bug,opencv/opencv#29278,887,3,1,0,0,,chunkdoc_50e4c4a9cf677e54,True,gitignored frozen parent runs.jsonl
H-O:B_ko_context|C_bug|semantic|historical,H-O:B_ko_context,semantic,C_bug,opencv/opencv#28904,1280,4,1,0,0,,chunkdoc_52dca3ee82057ab2,False,gitignored frozen parent runs.jsonl
H-O:B_ko_context|C_bug|semantic|historical,H-O:B_ko_context,semantic,C_bug,opencv/opencv#29761,4761,13,1,2,0,,chunkdoc_8917b54528d41b14,False,gitignored frozen parent runs.jsonl
H-O:B_ko_context|C_bug|semantic|historical,H-O:B_ko_context,semantic,C_bug,opencv/opencv#29265,13260,35,1,4,0,,chunkdoc_8bb5b55085ffeaf5,True,gitignored frozen parent runs.jsonl
H-T:B_ko_context|C_raw|hybrid|historical,H-T:B_ko_context,hybrid,C_raw,huggingface/transformers#48222,1908,5,1,4,0,,chunkdoc_05474a4c61ba06bc,True,gitignored frozen parent runs.jsonl
H-T:B_ko_context|C_raw|hybrid|historical,H-T:B_ko_context,hybrid,C_raw,huggingface/transformers#48256,2988,8,1,1,0,,chunkdoc_3bdc60ff306b81a2,True,gitignored frozen parent runs.jsonl
H-T:B_ko_context|C_raw|hybrid|historical,H-T:B_ko_context,hybrid,C_raw,huggingface/transformers#48050,2799,8,1,2,0,,chunkdoc_f850c1a80addbf3a,False,gitignored frozen parent runs.jsonl
H-T:B_ko_context|C_raw|hybrid|historical,H-T:B_ko_context,hybrid,C_raw,huggingface/transformers#47651,4364,12,1,6,0,,chunkdoc_86941c8c90437334,True,gitignored frozen parent runs.jsonl
H-T:B_ko_context|C_raw|hybrid|historical,H-T:B_ko_context,hybrid,C_raw,huggingface/transformers#48202,2491,7,1,2,0,,chunkdoc_f7f4de69565e8956,True,gitignored frozen parent runs.jsonl
H-T:B_ko_context|C_raw|semantic|historical,H-T:B_ko_context,semantic,C_raw,huggingface/transformers#49175,8375,22,1,15,0,,chunkdoc_93d15d45a22fed9e,False,gitignored frozen parent runs.jsonl
H-T:B_ko_context|C_raw|semantic|historical,H-T:B_ko_context,semantic,C_raw,huggingface/transformers#48016,934,3,1,1,0,,chunkdoc_132ea312b70cf061,True,gitignored frozen parent runs.jsonl
H-T:B_ko_context|C_raw|semantic|historical,H-T:B_ko_context,semantic,C_raw,huggingface/transformers#48423,6283,17,1,5,0,,chunkdoc_966bda7fac707e9f,True,gitignored frozen parent runs.jsonl
H-T:B_ko_context|C_raw|semantic|historical,H-T:B_ko_context,semantic,C_raw,huggingface/transformers#48422,2280,6,1,3,0,,chunkdoc_848eef6d13e03988,True,gitignored frozen parent runs.jsonl
H-T:B_ko_context|C_raw|semantic|historical,H-T:B_ko_context,semantic,C_raw,huggingface/transformers#49000,3472,9,1,6,0,,chunkdoc_fdc8f15766905379,False,gitignored frozen parent runs.jsonl
H-T:B_ko_context|C_bug|hybrid|historical,H-T:B_ko_context,hybrid,C_bug,huggingface/transformers#47651,4364,12,1,6,0,,chunkdoc_86941c8c90437334,True,gitignored frozen parent runs.jsonl
H-T:B_ko_context|C_bug|hybrid|historical,H-T:B_ko_context,hybrid,C_bug,huggingface/transformers#48630,1013,3,1,0,0,,chunkdoc_f16cf78e25324bab,False,gitignored frozen parent runs.jsonl
H-T:B_ko_context|C_bug|hybrid|historical,H-T:B_ko_context,hybrid,C_bug,huggingface/transformers#48690,9897,26,1,20,0,,chunkdoc_4319d8bf817c537d,False,gitignored frozen parent runs.jsonl
H-T:B_ko_context|C_bug|hybrid|historical,H-T:B_ko_context,hybrid,C_bug,huggingface/transformers#48459,1253,4,1,0,0,,chunkdoc_4a5bf82af157514d,True,gitignored frozen parent runs.jsonl
H-T:B_ko_context|C_bug|hybrid|historical,H-T:B_ko_context,hybrid,C_bug,huggingface/transformers#48693,2492,7,1,1,0,,chunkdoc_8a82222f6967b521,False,gitignored frozen parent runs.jsonl
H-T:B_ko_context|C_bug|semantic|historical,H-T:B_ko_context,semantic,C_bug,huggingface/transformers#47651,4364,12,1,6,0,,chunkdoc_86941c8c90437334,True,gitignored frozen parent runs.jsonl
H-T:B_ko_context|C_bug|semantic|historical,H-T:B_ko_context,semantic,C_bug,huggingface/transformers#48057,495,2,1,1,0,,chunkdoc_e93668ebab73e945,False,gitignored frozen parent runs.jsonl
H-T:B_ko_context|C_bug|semantic|historical,H-T:B_ko_context,semantic,C_bug,huggingface/transformers#49066,2164,6,1,1,0,,chunkdoc_8e79eb97131bff60,False,gitignored frozen parent runs.jsonl
H-T:B_ko_context|C_bug|semantic|historical,H-T:B_ko_context,semantic,C_bug,huggingface/transformers#48690,9897,26,1,20,0,,chunkdoc_4319d8bf817c537d,False,gitignored frozen parent runs.jsonl
H-T:B_ko_context|C_bug|semantic|historical,H-T:B_ko_context,semantic,C_bug,huggingface/transformers#49196,1317,4,1,2,0,,chunkdoc_824551ba7681b008,True,gitignored frozen parent runs.jsonl
